Institution,Query,Link 1,Link 2,Link 3
University of Evansville,University of Evansville Phi_Gamma frat,https://www.greekrank.com/uni/336/fraternity/FIJI/74/rating/,https://www.greekrank.com/uni/336/fraternity/FIJI/74/rating/,https://www.greekrank.com/uni/336/fraternity/FIJI/74/rating/
Christopher Newport University,Christopher Newport University Phi_Gamma frat,https://cnu.edu/osi/studentinvolvement/greek-life/chapters/,https://www.greekrank.com/uni/524/fraternity/FIJI/74/rating/,https://www.greekrank.com/uni/524/fraternity/FIJI/74/rating/
Ohio Wesleyan University,Ohio Wesleyan University Phi_Gamma frat,https://www.owu.edu/student-life/fraternity-sorority-life/councils/interfraternity-council-ifc/phi-gamma-delta/,https://www.owu.edu/student-life/fraternity-sorority-life/councils/interfraternity-council-ifc/phi-gamma-delta/,https://www.greekrank.com/uni/37/fraternity/FIJI/74/rating/
University of California-Santa Barbara,University of California-Santa Barbara Phi_Gamma frat,https://seal.sa.ucsb.edu/fraternity-sorority-life/general-info/chapter-directory,https://seal.sa.ucsb.edu/fraternity-sorority-life/general-info/chapter-directory,https://www.greekrank.com/uni/119/fraternities/
Davidson College,Davidson College Phi_Gamma frat,https://www.davidson.edu/offices-and-services/student-activities/student-organizations/fraternity-sorority-life-patterson-court-council,https://www.davidson.edu/offices-and-services/student-activities/student-organizations/fraternity-sorority-life-patterson-court-council,https://www.davidson.edu/offices-and-services/student-activities/student-organizations/fraternity-sorority-life-patterson-court-council
Ball State University,Ball State University Phi_Gamma frat,https://www.bsu.edu/campuslife/fraternity-and-sorority-life/ball-state-chapters,https://www.bsu.edu/campuslife/fraternity-and-sorority-life/ball-state-chapters,https://www.bsu.edu/campuslife/fraternity-and-sorority-life/ball-state-chapters
Wayne State University,Wayne State University Phi_Gamma frat,https://doso.wayne.edu/involvement/fraternity-sorority/organizations,https://doso.wayne.edu/involvement/fraternity-sorority/organizations,https://doso.wayne.edu/involvement/fraternity-sorority
DePaul University,DePaul University Phi_Gamma frat,https://offices.depaul.edu/student-affairs/student-life/student-organizations/fraternity-sorority-life/Pages/default.aspx,https://offices.depaul.edu/student-affairs/student-life/student-organizations/fraternity-sorority-life/Pages/default.aspx,https://offices.depaul.edu/student-affairs/student-life/student-organizations/fraternity-sorority-life/Pages/default.aspx
University of Florida,University of Florida Phi_Gamma frat,https://www.greekrank.com/uni/31/fraternity/FIJI/74/rating/,https://www.greekrank.com/uni/31/fraternity/FIJI/74/rating/,https://www.greekrank.com/uni/31/fraternity/FIJI/74/rating/
Union College,Union College Phi_Gamma frat,https://www.union.edu/fraternity-and-sorority-life,https://www.union.edu/fraternity-and-sorority-life,https://www.union.edu/fraternity-and-sorority-life
Lee University,Lee University Phi_Gamma frat,https://my.wlu.edu/student-life/student-activities/greek-life/greek-organizations/fraternities,https://my.wlu.edu/student-life/student-activities/greek-life/greek-organizations/fraternities,https://my.wlu.edu/student-life/student-activities/greek-life/greek-organizations/fraternities
University of Kansas,University of Kansas Phi_Gamma frat,https://www.ksnt.com/news/local-news/ku-bans-two-fraternities-for-5-years-over-hazing-other-violations/,https://www.ksnt.com/news/local-news/ku-bans-two-fraternities-for-5-years-over-hazing-other-violations/,https://www.ksnt.com/news/local-news/ku-bans-two-fraternities-for-5-years-over-hazing-other-violations/
Washington & Jefferson College,Washington & Jefferson College Phi_Gamma frat,https://www.washjeff.edu/student-life/organizations-activities/fraternity-sorority-life/,https://www.washjeff.edu/student-life/organizations-activities/fraternity-sorority-life/,https://www.washjeff.edu/student-life/organizations-activities/fraternity-sorority-life/
Muhlenberg College,Muhlenberg College Phi_Gamma frat,https://www.muhlenberg.edu/student-life/greek/,https://www.muhlenberg.edu/student-life/greek/,https://muhlenbergweekly.com/news/this-week-in-muhlenberg-college-history-frats-best-friends/
William & Mary,William & Mary Phi_Gamma frat,https://www.wm.edu/offices/fsl/who-we-are/chapters/fraternities/FIJI.php,https://www.wm.edu/offices/fsl/who-we-are/chapters/fraternities/FIJI.php,https://www.greekrank.com/uni/388/fraternity/FIJI/74/rating/
University of Delaware,University of Delaware Phi_Gamma frat,https://www.greekrank.com/uni/109/fraternities/,https://www.greekrank.com/uni/109/fraternities/,https://www.greekrank.com/uni/109/fraternities/
University of Oregon,University of Oregon Phi_Gamma frat,https://www.greekrank.com/uni/257/fraternity/FIJI/74/rating/,https://www.greekrank.com/uni/257/fraternity/FIJI/74/rating/,https://www.greekrank.com/uni/257/fraternity/FIJI/74/rating/
University of Connecticut,University of Connecticut Phi_Gamma frat,https://greeklife.uconn.edu/councils-chapters/,https://greeklife.uconn.edu/councils-chapters/,https://www.greekrank.com/uni/335/fraternity/FIJI/74/rating/
Texas A & M University-Corpus Christi,Texas A & M University-Corpus Christi Phi_Gamma frat,https://www.tamucc.edu/student-activities/fsl/fraternities.php,https://www.tamucc.edu/student-activities/fsl/fraternities.php,https://www.tamucc.edu/student-activities/fsl/fraternities.php
Auburn University,Auburn University Phi_Gamma frat,https://www.greekrank.com/uni/32/fraternity/FIJI/74/rating/,https://www.greekrank.com/uni/32/fraternity/FIJI/74/rating/,https://www.greekrank.com/uni/32/fraternity/FIJI/74/rating/
University of Northwestern Ohio,University of Northwestern Ohio Phi_Gamma frat,https://en.wikipedia.org/wiki/Phi_Gamma_Nu,https://en.wikipedia.org/wiki/Phi_Gamma_Nu,https://www.pgnleaders.org/pgnhistory
University of Kentucky,University of Kentucky Phi_Gamma frat,https://studentsuccess.uky.edu/fraternity-and-sorority-life/about-fraternity-and-sorority-life/chapters,https://studentsuccess.uky.edu/fraternity-and-sorority-life/about-fraternity-and-sorority-life/chapters,https://www.greekrank.com/uni/40/fraternity/FIJI/74/rating/
Gettysburg College,Gettysburg College Phi_Gamma frat,https://gettysburgian.com/2023/04/provisional-phi-gamma-delta-chapter-returns-to-campus-after-two-year-suspension/,https://engage.gettysburg.edu/osagl/chapters-at-gettysburg/,https://engage.gettysburg.edu/osagl/chapters-at-gettysburg/
Marietta College,Marietta College Phi_Gamma frat,https://marietta.smartcatalogiq.com/en/2024-2025/2024-2025-undergraduate-catalog-and-student-handbook/campus-involvement/honor-societies/,https://www.greekrank.com/uni/491/greek-life/,https://asparchives.org/delta
Pennsylvania State University-Penn State Erie-Behrend College,Pennsylvania State University-Penn State Erie-Behrend College Phi_Gamma frat,,,
University of Wisconsin-Eau Claire,University of Wisconsin-Eau Claire Phi_Gamma frat,https://www.uwec.edu/offices-services/activities-involvement-leadership/uwec-greek-life,https://www.greekrank.com/uni/399/fraternity/FIJI/74/rating/,https://www.greekrank.com/uni/399/fraternity/FIJI/74/rating/
The University of Tampa,The University of Tampa Phi_Gamma frat,https://www.greekrank.com/uni/445/fraternity/FIJI/74/rating/,https://www.greekrank.com/uni/445/fraternity/FIJI/74/rating/,https://www.greekrank.com/uni/445/fraternity/FIJI/74/rating/
Allegheny College,Allegheny College Phi_Gamma frat,https://allegheny.edu/student-life/clubs-and-organizations/fraternities-and-soroities/,https://allegheny.edu/student-life/clubs-and-organizations/fraternities-and-soroities/,https://allegheny.edu/student-life/clubs-and-organizations/fraternities-and-soroities/
The University of Tennessee-Chattanooga,The University of Tennessee-Chattanooga Phi_Gamma frat,https://www.utc.edu/enrollment-management-and-student-affairs/student-and-family-engagement/fraternity-and-sorority-life/chapters,https://www.utc.edu/enrollment-management-and-student-affairs/student-and-family-engagement/fraternity-and-sorority-life/chapters,https://www.greekrank.com/uni/365/fraternity/FIJI/74/rating/
University of North Texas,University of North Texas Phi_Gamma frat,https://www.mightyninth.com/chapter_page.php?ChapterNumber=114&title=Phi%20Gamma,https://www.greekrank.com/uni/242/fraternities/,https://www.greekrank.com/uni/242/fraternities/
Emory University,Emory University Phi_Gamma frat,https://osfl.emory.edu/current-members/panhellenic.html,https://news.emory.edu/stories/2017/02/er_greek_life_new_chapters/campus.html,https://talk.collegeconfidential.com/t/emory-frat-reps-rankings-greek-life/1033420
Trinity College,Trinity College Phi_Gamma frat,https://encyclopedia.trincoll.edu/doku.php/fraternities,https://encyclopedia.trincoll.edu/doku.php/fraternities,https://encyclopedia.trincoll.edu/doku.php/fraternities
Grand Valley State University,Grand Valley State University Phi_Gamma frat,https://www.gvsu.edu/greeklife/chapters-and-councils-191.htm,https://www.greekrank.com/uni/191/sorority/GPB-Gamma-Phi-Beta/121/rating/,https://www.gvsu.edu/greeklife/
University of Georgia,University of Georgia Phi_Gamma frat,https://www.greekrank.com/uni/85/fraternity/FIJI/74/rating/,https://www.greekrank.com/uni/85/fraternity/FIJI/74/rating/,https://www.greekrank.com/uni/85/fraternity/FIJI/74/rating/
University of Rhode Island,University of Rhode Island Phi_Gamma frat,https://web.uri.edu/greek/fraternities/fiji/,https://web.uri.edu/greek/fraternities/fiji/,https://www.greekrank.com/uni/282/fraternity/FIJI/74/rating/
Boise State University,Boise State University Phi_Gamma frat,https://www.boisestate.edu/getinvolved/fraternities-and-sororities/,https://www.boisestate.edu/getinvolved/fraternities-and-sororities/,https://www.boisestate.edu/getinvolved/fraternities-and-sororities/
University of California-Los Angeles,University of California-Los Angeles Phi_Gamma frat,https://fsl.ucla.edu/community-directory,https://fsl.ucla.edu/community-directory,https://fsl.ucla.edu/
Texas Christian University,Texas Christian University Phi_Gamma frat,https://www.greekrank.com/uni/79/fraternity/FIJI/74/rating/,https://www.greekrank.com/uni/79/fraternity/FIJI/74/rating/,https://www.greekrank.com/uni/79/fraternity/FIJI/74/rating/
Sam Houston State University,Sam Houston State University Phi_Gamma frat,https://www.greekrank.com/uni/397/fraternities/,https://www.greekrank.com/uni/397/fraternities/,https://www.greekrank.com/uni/397/fraternities/
University of Wisconsin-Madison,University of Wisconsin-Madison Phi_Gamma frat,https://fsl.wisc.edu/staff/mu-chapter-phi-gamma-delta/,https://www.greekrank.com/uni/64/fraternity/FIJI/74/rating/,https://www.greekrank.com/uni/64/fraternity/FIJI/74/rating/
University of Wyoming,University of Wyoming Phi_Gamma frat,https://www.uwyo.edu/fsl/aboutus/our-history.html,https://en.wikipedia.org/wiki/List_of_Phi_Gamma_Delta_chapters,https://en.wikipedia.org/wiki/List_of_Phi_Gamma_Delta_chapters
University of California-Davis,University of California-Davis Phi_Gamma frat,https://csi.ucdavis.edu/sorority-fraternity-life/chapters/phi-gamma-delta,https://www.greekrank.com/uni/316/fraternity/FIJI/74/rating/,https://www.greekrank.com/uni/316/fraternity/FIJI/74/rating/
The University of Montana,The University of Montana Phi_Gamma frat,https://www.umt.edu/fsi/our-chapters/,https://www.umt.edu/fsi/our-chapters/,https://www.greekrank.com/uni/504/greek-life/
University of Miami,University of Miami Phi_Gamma frat,https://www.miamiohifc.org/phi-gamma-delta,https://doso.studentaffairs.miami.edu/greek-life/councils-chapters/index.html,https://www.greekrank.com/uni/22/fraternity/FIJI/74/rating/
University of Michigan-Ann Arbor,University of Michigan-Ann Arbor Phi_Gamma frat,https://www.greekrank.com/uni/62/fraternity/FIJI/74/rating/,https://www.greekrank.com/uni/62/fraternity/FIJI/74/rating/,https://www.greekrank.com/uni/62/fraternity/FIJI/74/rating/
The University of the South,The University of the South Phi_Gamma frat,https://new.sewanee.edu/campus-life/connecting/greek-life/greek-organizations/,https://www.greekrank.com/uni/453/fraternity/FIJI/74/rating/,https://www.greekrank.com/uni/453/fraternity/FIJI/74/rating/
Foothill College,Foothill College Phi_Gamma frat,https://en.wikipedia.org/wiki/List_of_Phi_Gamma_Delta_chapters,https://en.wikipedia.org/wiki/List_of_Phi_Gamma_Delta_chapters,https://en.wikipedia.org/wiki/Phi_Gamma_Delta
The University of Texas at Austin,The University of Texas at Austin Phi_Gamma frat,https://deanofstudents.utexas.edu/sfl/chapters.php,https://deanofstudents.utexas.edu/sfl/chapters.php,https://www.greekrank.com/uni/65/fraternity/FIJI/74/rating/
University of Central Oklahoma,University of Central Oklahoma Phi_Gamma frat,https://www.uco.edu/students/involvement/fsl/,https://www.uco.edu/students/involvement/fsl/,https://www.greekrank.com/uni/465/fraternities/byname/
University of South Florida,University of South Florida Phi_Gamma frat,https://www.usf.edu/student-affairs/involvement/fraternity-and-sorority-life/councils.aspx,https://www.usf.edu/student-affairs/involvement/fraternity-and-sorority-life/councils.aspx,https://www.usf.edu/student-affairs/involvement/fraternity-and-sorority-life/councils.aspx
University of Montevallo,University of Montevallo Phi_Gamma frat,https://www.montevallo.edu/campus-life/student-life/greek-life/interfraternity-council/phi-gamma-delta/,https://www.montevallo.edu/campus-life/student-life/greek-life/interfraternity-council/phi-gamma-delta/,https://www.montevallophigam.com/about/
The University of Texas at Arlington,The University of Texas at Arlington Phi_Gamma frat,https://www.uta.edu/student-affairs/fsl,https://www.uta.edu/student-affairs/fsl,https://deanofstudents.utexas.edu/sfl/chapters.php
Lawrence University,Lawrence University Phi_Gamma frat,https://www.lawrence.edu/offices/greek-life,https://www.lawrence.edu/offices/greek-life,https://www.lawrentian.com/archives/1002602
Southern Methodist University,Southern Methodist University Phi_Gamma frat,https://www.fiji-smu.org/about-us,https://www.greekrank.com/uni/45/fraternity/FIJI/74/rating/,https://www.greekrank.com/uni/45/fraternity/FIJI/74/rating/
Loyola University New Orleans,Loyola University New Orleans Phi_Gamma frat,https://studentaffairs.loyno.edu/student-life-ministry/student-life/fraternity-sorority-life,https://studentaffairs.loyno.edu/student-life-ministry/student-life/fraternity-sorority-life,https://studentaffairs.loyno.edu/student-life-ministry/student-life/fraternity-sorority-life
University of Mary,University of Mary Phi_Gamma frat,https://thecinemaholic.com/danny-santulli/,https://fsl.umd.edu/community-chapters/chapters,https://fsl.umd.edu/community-chapters/chapters
Pennsylvania Western University,Pennsylvania Western University Phi_Gamma frat,https://www.pittfiji.org/about,https://en.wikipedia.org/wiki/List_of_Phi_Gamma_Delta_chapters,https://en.wikipedia.org/wiki/List_of_Phi_Gamma_Delta_chapters
University of Nebraska at Kearney,University of Nebraska at Kearney Phi_Gamma frat,https://www.unk.edu/offices/student_life/greek_affairs/index.php,https://www.unk.edu/offices/student_life/greek_affairs/index.php,https://www.greekrank.com/uni/518/fraternities/byname/
University of Toledo,University of Toledo Phi_Gamma frat,https://www.greekrank.com/uni/30/fraternity/FIJI/74/rating/,https://www.greekrank.com/uni/30/fraternity/FIJI/74/rating/,https://www.greekrank.com/uni/30/fraternity/FIJI/74/rating/
Bradley University,Bradley University Phi_Gamma frat,http://bufiji.com/,https://www.bradley.edu/campus/greek-life/,https://www.greekrank.com/uni/182/fraternities/
University of Cincinnati-Main Campus,University of Cincinnati-Main Campus Phi_Gamma frat,https://www.uc.edu/campus-life/fraternity-sorority-life/our-community/fraternities.html,https://www.uc.edu/campus-life/fraternity-sorority-life/our-community/fraternities.html,https://www.uc.edu/campus-life/fraternity-sorority-life/our-community/fraternities.html
University of Central Missouri,University of Central Missouri Phi_Gamma frat,https://www.greekrank.com/uni/557/fraternities/,https://www.greekrank.com/uni/557/fraternities/,https://www.greekrank.com/uni/557/fraternities/
Vanderbilt University,Vanderbilt University Phi_Gamma frat,https://www.greekrank.com/uni/104/fraternity/FIJI/74/rating/,https://www.greekrank.com/uni/104/fraternity/FIJI/74/rating/,https://www.greekrank.com/uni/104/fraternity/FIJI/74/rating/
George Washington University,George Washington University Phi_Gamma frat,https://students.gwu.edu/fsl,https://students.gwu.edu/fsl,https://www.greekrank.com/uni/51/fraternity/FIJI/74/rating/
University of South Carolina Aiken,University of South Carolina Aiken Phi_Gamma frat,https://www.usca.edu/departments/student-affairs/greek-life/fraternity-chapters/,https://www.usca.edu/departments/student-affairs/greek-life/fraternity-chapters/,https://www.usca.edu/departments/student-affairs/greek-life/fraternity-chapters/
San Jose State University,San Jose State University Phi_Gamma frat,https://www.sjsu.edu/getinvolved/fraternity-and-sorority-life/index.php,https://www.sjsu.edu/getinvolved/fraternity-and-sorority-life/index.php,https://www.sjsu.edu/getinvolved/fraternity-and-sorority-life/index.php
University of Colorado Boulder,University of Colorado Boulder Phi_Gamma frat,https://www.greekrank.com/uni/334/fraternity/FIJI/74/rating/,https://www.greekrank.com/uni/334/fraternity/FIJI/74/rating/,https://www.greekrank.com/uni/334/fraternity/FIJI/74/rating/
Baylor University,Baylor University Phi_Gamma frat,https://www.greekrank.com/uni/165/fraternity/FIJI/74/rating/,https://www.greekrank.com/uni/165/fraternity/FIJI/74/rating/,https://www.greekrank.com/uni/165/fraternity/FIJI/74/rating/
Indiana State University,Indiana State University Phi_Gamma frat,https://indianastate.edu/about/engagement/student-activities-and-organizations/fraternity-and-sorority-life,https://indianastate.edu/about/engagement/student-activities-and-organizations/fraternity-and-sorority-life,https://indianastate.edu/about/engagement/student-activities-and-organizations/fraternity-and-sorority-life
University of California-Berkeley,University of California-Berkeley Phi_Gamma frat,https://lead.berkeley.edu/cal-greeks/find-a-chapter/,https://www.greekrank.com/uni/331/fraternities/,https://www.greekrank.com/uni/331/fraternities/
Adelphi University,Adelphi University Phi_Gamma frat,https://www.adelphi.edu/engage/greek-life-and-social-fellowship/recognized-greek-organizations/,https://www.adelphi.edu/engage/clubs-and-organizations/diversity-organizations/,https://adelphi.deltagamma.org/
Colorado College,Colorado College Phi_Gamma frat,https://www.coloradocollege.edu/other/fraternities-sororities/,https://www.coloradocollege.edu/other/fraternities-sororities/,https://www.coloradocollege.edu/other/fraternities-sororities/
Florida International University,Florida International University Phi_Gamma frat,https://dasa.fiu.edu/all-departments/greek-life/community/interfraternity-council/chapter/phi-gamma-delta.html,https://dasa.fiu.edu/all-departments/greek-life/community/interfraternity-council/chapter/phi-gamma-delta.html,https://www.greekrank.com/uni/117/fraternity/FIJI/74/rating/
Colorado State University-Fort Collins,Colorado State University-Fort Collins Phi_Gamma frat,https://fsl.colostate.edu/about/recognized-chapters/,https://fsl.colostate.edu/about/recognized-chapters/,https://colostate.phideltatheta.org/
Mississippi State University,Mississippi State University Phi_Gamma frat,https://www.greeks.msstate.edu/,https://www.greeks.msstate.edu/,https://www.greekrank.com/uni/98/fraternity/FIJI/74/rating/
Roanoke College,Roanoke College Phi_Gamma frat,https://www.roanoke.edu/inside/a-z_index/greek_life,https://www.roanoke.edu/inside/a-z_index/greek_life,https://www.greekrank.com/uni/475/fraternities/
California State University-Long Beach,California State University-Long Beach Phi_Gamma frat,https://www.csulb.edu/student-affairs/fraternities-and-sororities/chapters-campus,https://www.csulb.edu/student-affairs/fraternities-and-sororities/chapters-campus,https://www.greekrank.com/uni/202/fraternities/
Appalachian State University,Appalachian State University Phi_Gamma frat,https://fsl.appstate.edu/,https://fsl.appstate.edu/,https://www.greekrank.com/uni/129/fraternity/FIJI/74/rating/
University of California-Riverside,University of California-Riverside Phi_Gamma frat,https://studentlife.ucr.edu/what-we-do,https://studentlife.ucr.edu/what-we-do,https://www.greekrank.com/uni/322/fraternity/FIJI/74/rating/
Centre College,Centre College Phi_Gamma frat,https://www.centre.edu/life/activities-organizations/greek-life,https://www.greekrank.com/uni/208/greek-life/,https://sc.centre.edu/sc/records/cc030.html
Washington State University,Washington State University Phi_Gamma frat,https://www.greekrank.com/uni/379/fraternities/,https://www.greekrank.com/uni/379/fraternities/,https://www.greekrank.com/uni/379/fraternities/
Austin Peay State University,Austin Peay State University Phi_Gamma frat,https://www.apsu.edu/greek-life/fraternities/index.php,https://www.apsu.edu/greek-life/fraternities/index.php,https://www.apsu.edu/greek-life/fraternities/index.php
Cornell University,Cornell University Phi_Gamma frat,https://www.pgncornell.com/,https://www.greekrank.com/uni/90/fraternity/FIJI/74/rating/,https://www.greekrank.com/uni/90/fraternity/FIJI/74/rating/
Wagner College,Wagner College Phi_Gamma frat,https://wagner.edu/sea/get-involved/fraternity-and-sorority-life/,https://wagner.edu/sea/get-involved/fraternity-and-sorority-life/,https://wagner.edu/sea/get-involved/fraternity-and-sorority-life/
University of Mary Washington,University of Mary Washington Phi_Gamma frat,https://theweeklyringer.com/2022/10/06/greek-life-an-integral-part-of-the-umw-community/,https://www.greekrank.com/uni/837/greek-life/,https://asparchives.org/theta_gamma
Amherst College,Amherst College Phi_Gamma frat,https://archivesspace.amherst.edu/repositories/2/resources/201,https://archivesspace.amherst.edu/repositories/2/resources/201,https://dailycollegian.com/2024/03/a-deep-dive-into-the-marsh-arts-house/
Dartmouth College,Dartmouth College Phi_Gamma frat,https://en.wikipedia.org/wiki/Dartmouth_College_fraternities_and_sororities,https://en.wikipedia.org/wiki/Dartmouth_College_fraternities_and_sororities,https://en.wikipedia.org/wiki/Dartmouth_College_fraternities_and_sororities
Tennessee Technological University,Tennessee Technological University Phi_Gamma frat,https://www.tntech.edu/engagement/fsl/phi-gamma-delta.php,https://www.tntech.edu/engagement/fsl/phi-gamma-delta.php,https://www.ttufiji.com/
Clemson University,Clemson University Phi_Gamma frat,https://www.clemsonifc.com/phi-gamma-delta,https://www.greekrank.com/uni/213/fraternity/FIJI/74/rating/,https://www.greekrank.com/uni/213/fraternity/FIJI/74/rating/
Northeastern University,Northeastern University Phi_Gamma frat,https://www.greekrank.com/uni/108/fraternity/FIJI/74/rating/,https://www.greekrank.com/uni/108/fraternity/FIJI/74/rating/,https://www.greekrank.com/uni/108/fraternity/FIJI/74/rating/
Yale University,Yale University Phi_Gamma frat,https://en.wikipedia.org/wiki/Myth_and_Sword,https://www.greekrank.com/uni/432/fraternities/,https://www.greekrank.com/uni/432/fraternities/
Embry-Riddle Aeronautical University-Daytona Beach,Embry-Riddle Aeronautical University-Daytona Beach Phi_Gamma frat,https://campusgroups.erau.edu/fsl/home/,https://campusgroups.erau.edu/fsl/home/,https://eaglefiji.weebly.com/
Villanova University,Villanova University Phi_Gamma frat,https://www1.villanova.edu/university/student-life/ofsl/chapters.html,https://www.greekrank.com/uni/371/fraternity/FIJI/74/rating/,https://www.greekrank.com/uni/371/fraternity/FIJI/74/rating/
Coastal Carolina University,Coastal Carolina University Phi_Gamma frat,https://www.coastal.edu/osl/greek/,https://www.coastal.edu/osl/greek/,https://www.greekrank.com/uni/214/fraternity/FIJI/74/rating/
California State University-Fresno,California State University-Fresno Phi_Gamma frat,https://sites.google.com/view/pmagammapi/home,https://www.greekrank.com/uni/178/fraternities/,https://www.greekrank.com/uni/178/fraternities/
Quinnipiac University,Quinnipiac University Phi_Gamma frat,https://www.qu.edu/student-life/clubs-and-organizations/fraternities-and-sororities/,https://www.qu.edu/student-life/clubs-and-organizations/fraternities-and-sororities/,https://www.qu.edu/student-life/clubs-and-organizations/fraternities-and-sororities/
College of Charleston,College of Charleston Phi_Gamma frat,https://charleston.edu/higdon-center/fraternity-sorority-life/index.php,https://charleston.edu/higdon-center/fraternity-sorority-life/index.php,https://charleston.edu/higdon-center/fraternity-sorority-life/index.php
West Coast University-Ontario,West Coast University-Ontario Phi_Gamma frat,https://www.greekrank.com/uni/507/fraternity/FIJI/74/rating/,https://www.greekrank.com/uni/507/fraternity/FIJI/74/rating/,https://www.greekrank.com/uni/507/fraternity/FIJI/74/rating/
Rowan University,Rowan University Phi_Gamma frat,https://sites.rowan.edu/oslp/greekaffairs/chapters.html,https://sites.rowan.edu/oslp/greekaffairs/chapters.html,https://www.greekrank.com/uni/295/fraternity/FIJI/74/rating/
Rensselaer Polytechnic Institute,Rensselaer Polytechnic Institute Phi_Gamma frat,https://en.wikipedia.org/wiki/List_of_Rensselaer_Polytechnic_Institute_fraternities_and_sororities,https://en.wikipedia.org/wiki/List_of_Rensselaer_Polytechnic_Institute_fraternities_and_sororities,https://en.wikipedia.org/wiki/List_of_Rensselaer_Polytechnic_Institute_fraternities_and_sororities
Broward College,Broward College Phi_Gamma frat,https://sigmaggs.wixsite.com/browardsigmas,https://collegeaftermath.com/sorority/sororities-at-broward-college/,https://www.facebook.com/BrowardSigmas/
Western Kentucky University,Western Kentucky University Phi_Gamma frat,https://www.greekrank.com/uni/112/fraternity/FIJI/74/rating/,https://www.greekrank.com/uni/112/fraternity/FIJI/74/rating/,https://www.greekrank.com/uni/112/fraternity/FIJI/74/rating/
The College of Wooster,The College of Wooster Phi_Gamma frat,https://en.wikipedia.org/wiki/List_of_College_of_Wooster_fraternities_and_sororities,https://en.wikipedia.org/wiki/List_of_College_of_Wooster_fraternities_and_sororities,https://en.wikipedia.org/wiki/List_of_College_of_Wooster_fraternities_and_sororities
Westminster College,Westminster College Phi_Gamma frat,https://www.westminster.edu/campus/involved/greek.cfm,https://www.westminster.edu/campus/involved/greek.cfm,https://www.wcmo.edu/student-life/fraternity-and-sorority-life/files/2023-24-FSL-Manual.pdf
University of Maine,University of Maine Phi_Gamma frat,https://umaine.edu/studentinvolvement/greek-life/,https://www.greekrank.com/uni/342/fraternity/FIJI/74/rating/,https://www.greekrank.com/uni/342/fraternity/FIJI/74/rating/
Lehigh University,Lehigh University Phi_Gamma frat,https://studentaffairs.lehigh.edu/content/fraternities-and-sororities,https://studentaffairs.lehigh.edu/content/fraternities-and-sororities,https://studentaffairs.lehigh.edu/content/fraternities-and-sororities
Williams College,Williams College Phi_Gamma frat,https://williams68.org/the-fraternity-debate-1868-to-1968/,https://williams68.org/the-fraternity-debate-1868-to-1968/,https://williams68.org/the-fraternity-debate-1868-to-1968/
University of Illinois Chicago,University of Illinois Chicago Phi_Gamma frat,https://fsl.uic.edu/about-fsl/governing-councils/,https://fsl.uic.edu/about-fsl/governing-councils/,https://fsaffairs.illinois.edu/organizations/fraternities/PhiGammaDelta
University of North Carolina at Chapel Hill,University of North Carolina at Chapel Hill Phi_Gamma frat,https://www.greekrank.com/uni/47/fraternities/,https://www.greekrank.com/uni/47/fraternities/,https://www.greekrank.com/uni/47/fraternities/
Ohio Northern University,Ohio Northern University Phi_Gamma frat,http://onuifc.com/fraternities/,http://onuifc.com/fraternities/,http://onuifc.com/fraternities/
Iowa State University,Iowa State University Phi_Gamma frat,https://www.aifiji.com/,https://sfe.dso.iastate.edu/fraternities,https://sfe.dso.iastate.edu/fraternities
University of Memphis,University of Memphis Phi_Gamma frat,https://www.memphis.edu/studentinvolvement/studentengagement/fsa-about.php/,https://www.memphis.edu/studentinvolvement/studentengagement/fsa-about.php/,https://www.greekrank.com/uni/345/fraternities/
Virginia Commonwealth University,Virginia Commonwealth University Phi_Gamma frat,https://students.vcu.edu/departments/leadership-and-involvement/fraternity-and-sorority-life/registered-student-organization-rso-conduct-report/,https://students.vcu.edu/departments/leadership-and-involvement/fraternity-and-sorority-life/registered-student-organization-rso-conduct-report/,https://www.greekrank.com/uni/373/fraternity/FIJI/74/rating/
Cumberland University,Cumberland University Phi_Gamma frat,https://www.cumberland.edu/greek-life/fraternities/,https://www.cumberland.edu/greek-life/fraternities/,https://www.cumberland.edu/greek-life/fraternities/
Wittenberg University,Wittenberg University Phi_Gamma frat,https://www.wittenberg.edu/student-life/greeklife/chapters,https://www.wittenberg.edu/student-life/greeklife/chapters,https://www.greekrank.com/uni/663/fraternity/FIJI/74/rating/
University of New Mexico-Main Campus,University of New Mexico-Main Campus Phi_Gamma frat,https://www.greekrank.com/uni/349/fraternities/,https://www.greekrank.com/uni/349/fraternities/,https://www.greekrank.com/uni/349/fraternities/
Kettering University,Kettering University Phi_Gamma frat,https://www.kettering.edu/life-at-kettering/clubs-organizations/fraternity-and-sorority-life,https://www.kettering.edu/life-at-kettering/clubs-organizations/fraternity-and-sorority-life,https://www.kettering.edu/life-at-kettering/clubs-organizations/fraternity-and-sorority-life
Kent State University at Ashtabula,Kent State University at Ashtabula Phi_Gamma frat,https://www.kentstatefsl.com/,https://www.kentstatefsl.com/,https://www.greekrank.com/uni/28/greek-life/
Johns Hopkins University,Johns Hopkins University Phi_Gamma frat,https://www.greekrank.com/uni/118/fraternity/FIJI/74/rating/,https://www.greekrank.com/uni/118/fraternity/FIJI/74/rating/,https://www.greekrank.com/uni/118/fraternity/FIJI/74/rating/
Northwestern University,Northwestern University Phi_Gamma frat,https://www.northwestern.edu/fsl/councils/interfraternity-council/phi-gamma-delta-fraternity-fiji.html,https://en.wikipedia.org/wiki/Phi_Gamma_Nu,https://en.wikipedia.org/wiki/Phi_Gamma_Nu
Rutgers University-Camden,Rutgers University-Camden Phi_Gamma frat,https://camden.rutgers.edu/fraternity-sorority-affairs,https://camden.rutgers.edu/fraternity-sorority-affairs,https://camden.rutgers.edu/fraternity-sorority-affairs
University of Arkansas,University of Arkansas Phi_Gamma frat,https://uagreeks.uark.edu/interfraternity-council/phi-gamma-delta.php,https://uagreeks.uark.edu/interfraternity-council/phi-gamma-delta.php,https://www.uatrav.com/news/article_b693c4d0-b2a9-11ef-8ef2-e360a80bd95c.html
University of Southern California,University of Southern California Phi_Gamma frat,https://www.greekrank.com/uni/49/fraternity/FIJI/74/rating/,https://www.greekrank.com/uni/49/fraternity/FIJI/74/rating/,https://www.greekrank.com/uni/49/fraternity/FIJI/74/rating/
University of California-San Diego,University of California-San Diego Phi_Gamma frat,https://www.greekrank.com/uni/324/fraternity/FIJI/74/rating/,https://www.greekrank.com/uni/324/fraternity/FIJI/74/rating/,https://www.greekrank.com/uni/324/fraternity/FIJI/74/rating/
Texas State University,Texas State University Phi_Gamma frat,https://fsl.dos.txst.edu/,https://fsl.dos.txst.edu/,https://fsl.studentinvolvement.txst.edu/chapter-report-cards/interfraternity-council-chapters/phi-gamma-delta.html
Case Western Reserve University,Case Western Reserve University Phi_Gamma frat,https://www.greekrank.com/uni/120/fraternities/,https://www.greekrank.com/uni/120/fraternities/,https://www.greekrank.com/uni/120/fraternities/
La Salle University,La Salle University Phi_Gamma frat,https://www.lasalle.edu/student-life/activities-and-organizations/,https://www.greekrank.com/uni/296/fraternities/,https://www.greekrank.com/uni/296/fraternities/
Massachusetts Institute of Technology,Massachusetts Institute of Technology Phi_Gamma frat,https://news.mit.edu/1998/fiji-0916,https://en.wikipedia.org/wiki/List_of_Massachusetts_Institute_of_Technology_fraternities_and_sororities,https://en.wikipedia.org/wiki/List_of_Massachusetts_Institute_of_Technology_fraternities_and_sororities
Michigan State University,Michigan State University Phi_Gamma frat,https://www.greekrank.com/uni/70/fraternity/FIJI/74/rating/,https://www.greekrank.com/uni/70/fraternity/FIJI/74/rating/,https://www.greekrank.com/uni/70/fraternity/FIJI/74/rating/
Worcester Polytechnic Institute,Worcester Polytechnic Institute Phi_Gamma frat,https://www.fijiwpi.com/,https://www.wpi.edu/student-experience/getting-involved/fraternities-sororities/chapters,https://www.telegram.com/story/news/2021/11/05/wpi-fraternity-demolishes-old-house-plans-rebuild/6257560001/
East Carolina University,East Carolina University Phi_Gamma frat,https://www.greekrank.com/uni/153/fraternity/FIJI/74/rating/,https://www.greekrank.com/uni/153/fraternity/FIJI/74/rating/,https://www.greekrank.com/uni/153/fraternity/FIJI/74/rating/
West Virginia University,West Virginia University Phi_Gamma frat,https://greeklife.wvu.edu/chapter-statuses,https://www.greekrank.com/uni/114/fraternity/FIJI/74/rating/,https://www.greekrank.com/uni/114/fraternity/FIJI/74/rating/
San Diego State University,San Diego State University Phi_Gamma frat,https://sacd.sdsu.edu/student-life-leadership/fraternity-and-sorority-life/resources-for-chapter-members/chapter-directory,https://sacd.sdsu.edu/student-life-leadership/fraternity-and-sorority-life/resources-for-chapter-members/chapter-directory,https://usfcsdsu.weebly.com/alpha-phi-gamma.html
CUNY New York City College of Technology,CUNY New York City College of Technology Phi_Gamma frat,https://openlab.citytech.cuny.edu/groups/phi-sigma-chi-fraternity-inc/,https://openlab.citytech.cuny.edu/groups/phi-sigma-chi-fraternity-inc/,https://www1.cuny.edu/mu/cunyverse/life-at-cuny/beyond-the-letters-exploring-greek-life-at-cuny/
California State University-Northridge,California State University-Northridge Phi_Gamma frat,https://www.greekrank.com/uni/143/fraternities/,https://www.greekrank.com/uni/143/fraternities/,https://www.greekrank.com/uni/143/fraternities/
Chapman University,Chapman University Phi_Gamma frat,https://www.chapman.edu/students/life/greek-life/fraternity-life/chapters.aspx,https://www.chapman.edu/students/life/greek-life/fraternity-life/chapters.aspx,https://www.greekrank.com/uni/209/fraternity/FIJI/74/rating/
University of the District of Columbia,University of the District of Columbia Phi_Gamma frat,https://www.udc.edu/students/greek-life,https://www.instagram.com/ogbruhz1911/,https://3rddistrictques.org/oppf-donation-to-omicron-gamma-chapter/
West Chester University of Pennsylvania,West Chester University of Pennsylvania Phi_Gamma frat,https://www.wcupa.edu/_services/fraternitySorority/chapters.aspx,https://www.wcupa.edu/_services/fraternitySorority/chapters.aspx,https://www.greekrank.com/uni/383/fraternity/FIJI/74/rating/
South College,South College Phi_Gamma frat,https://sc.edu/about/offices_and_divisions/fraternity_and_sorority_life/chapters/index.php,https://sc.edu/about/offices_and_divisions/fraternity_and_sorority_life/chapters/index.php,https://sc.edu/about/offices_and_divisions/fraternity_and_sorority_life/chapters/index.php
Northern Arizona University,Northern Arizona University Phi_Gamma frat,https://in.nau.edu/dean-of-students/fsl-chapters/,https://www.greekrank.com/uni/243/fraternity/FIJI/74/rating/,https://www.greekrank.com/uni/243/fraternity/FIJI/74/rating/
University of Utah,University of Utah Phi_Gamma frat,https://fraternityandsororitylife.utah.edu/,https://fraternityandsororitylife.utah.edu/,https://fraternityandsororitylife.utah.edu/
University of Akron Main Campus,University of Akron Main Campus Phi_Gamma frat,https://www.uakron.edu/studentlife/involvement/fraternityandsororitylife/chapter-directory/phi-gamma-delta.dot,https://www.greekrank.com/uni/38/fraternities/byname/,https://www.greekrank.com/uni/38/fraternities/byname/
University of Chicago,University of Chicago Phi_Gamma frat,https://www.greekrank.com/uni/332/fraternity/FIJI/74/rating/,https://www.greekrank.com/uni/332/fraternity/FIJI/74/rating/,https://www.greekrank.com/uni/332/fraternity/FIJI/74/rating/
New York University,New York University Phi_Gamma frat,https://www.nyufiji.org/about-3,https://www.greekrank.com/uni/236/fraternity/FIJI/74/rating/,https://www.greekrank.com/uni/236/fraternity/FIJI/74/rating/
Syracuse University,Syracuse University Phi_Gamma frat,https://experience.syracuse.edu/greek-life/councils-chapters/chapter-status/,https://experience.syracuse.edu/greek-life/councils-chapters/chapter-status/,https://en.wikipedia.org/wiki/List_of_Syracuse_University_fraternities_and_sororities
Missouri Southern State University,Missouri Southern State University Phi_Gamma frat,https://www.mssu.edu/student-affairs/student-life/student-activities/greek-life-welcome.php,https://www.missouristate.edu/studentengagement/FSL/interfraternity-council.htm,https://www.missouristate.edu/studentengagement/FSL/interfraternity-council.htm
Illinois State University,Illinois State University Phi_Gamma frat,https://redbirdlife.illinoisstate.edu/organization/phigam,https://redbirdlife.illinoisstate.edu/organization/phigam,https://deanofstudents.illinoisstate.edu/involvement/fraternal/
Coe College,Coe College Phi_Gamma frat,https://www.coe.edu/student-life/clubs-organizations/greek-life,https://www.coe.edu/student-life/clubs-organizations/greek-life,https://www.greekrank.com/uni/215/greek-life/
Lafayette College,Lafayette College Phi_Gamma frat,https://greeklife.lafayette.edu/fraternity-and-sorority-values/,https://greeklife.lafayette.edu/fraternity-and-sorority-values/,https://greeklife.lafayette.edu/fraternity-and-sorority-values/
University of Central Florida,University of Central Florida Phi_Gamma frat,https://www.fox35orlando.com/news/ucf-fraternity-suspended-over-alleged-antisemitic-hazing,https://www.fox35orlando.com/news/ucf-fraternity-suspended-over-alleged-antisemitic-hazing,https://www.fox35orlando.com/news/ucf-fraternity-suspended-over-alleged-antisemitic-hazing
University of Virginia's College at Wise,University of Virginia's College at Wise Phi_Gamma frat,https://www.uvawise.edu/college-life/clubs-organizations/clubs-organizations-directory,https://www.greekrank.com/uni/466/fraternities/,https://www.greekrank.com/uni/466/fraternities/
University of Minnesota-Twin Cities,University of Minnesota-Twin Cities Phi_Gamma frat,https://fsl.umn.edu/about-us/our-story,https://fsl.umn.edu/about-us/our-story,https://www.greekrank.com/uni/75/fraternity/FIJI/74/rating/
Northwestern Oklahoma State University,Northwestern Oklahoma State University Phi_Gamma frat,https://www.okstatephigam.com/,https://www.greekrank.com/uni/752/fraternities/,https://www.greekrank.com/uni/752/fraternities/
The University of Texas at San Antonio,The University of Texas at San Antonio Phi_Gamma frat,https://www.omegaphigamma.com/san-antonio,https://www.greekrank.com/uni/369/fraternity/FIJI/74/rating/,https://www.greekrank.com/uni/369/fraternity/FIJI/74/rating/
Utah State University,Utah State University Phi_Gamma frat,https://usustatesman.com/the-greek-life-usu-sororities-and-fraternities/,https://usustatesman.com/the-greek-life-usu-sororities-and-fraternities/,https://usustatesman.com/the-greek-life-usu-sororities-and-fraternities/
Ohio State University-Newark Campus,Ohio State University-Newark Campus Phi_Gamma frat,https://sfl.osu.edu/about_us/chapters,https://sfl.osu.edu/about_us/chapters,https://ohiostate.sigep.org/meet-our-chapter/about-our-chapter/
Berea College,Berea College Phi_Gamma frat,https://www.berealaw.com/attorney-profile/,https://phiepsilonkappa.org/Inactive_Chapters,
Oklahoma City University,Oklahoma City University Phi_Gamma frat,https://www.okcu.edu/current/student-affairs/fraternity-and-sorority-life,https://www.okcu.edu/current/student-affairs/fraternity-and-sorority-life,https://www.okcu.edu/current/student-affairs/fraternity-and-sorority-life
University of Pittsburgh-Greensburg,University of Pittsburgh-Greensburg Phi_Gamma frat,https://www.greekrank.com/uni/350/fraternities/,https://www.greekrank.com/uni/350/fraternities/,https://www.greekrank.com/uni/350/fraternities/
Drake University,Drake University Phi_Gamma frat,https://www.drake.edu/life/clubsorganizations/fraternitysororitylife/,https://www.drake.edu/life/clubsorganizations/fraternitysororitylife/,https://www.drake.edu/life/clubsorganizations/fraternitysororitylife/
Louisiana State University-Alexandria,Louisiana State University-Alexandria Phi_Gamma frat,https://www.lsu.edu/greeks/scorecard/index.php,https://www.greekrank.com/uni/80/fraternities/,https://www.greekrank.com/uni/80/fraternities/
Princeton University,Princeton University Phi_Gamma frat,https://paw.princeton.edu/article/frats-are-back,https://paw.princeton.edu/article/frats-are-back,https://paw.princeton.edu/article/frats-are-back
Old Dominion University,Old Dominion University Phi_Gamma frat,https://www.greekrank.com/uni/254/fraternity/FIJI/74/rating/,https://www.greekrank.com/uni/254/fraternity/FIJI/74/rating/,https://www.greekrank.com/uni/254/fraternity/FIJI/74/rating/
University of Maryland-College Park,University of Maryland-College Park Phi_Gamma frat,https://fsl.umd.edu/community-chapters/chapters,https://fsl.umd.edu/community-chapters/chapters,https://www.greekrank.com/uni/57/fraternity/FIJI/74/rating/
James Madison University,James Madison University Phi_Gamma frat,https://www.jmu.edu/osl/fsl/greek-organizations/index.shtml,https://www.jmu.edu/osl/fsl/greek-organizations/index.shtml,https://www.greekrank.com/uni/121/fraternity/FIJI/74/rating/
Idaho State University,Idaho State University Phi_Gamma frat,https://www.greekrank.com/uni/269/fraternities/byname/,https://www.greekrank.com/uni/269/fraternities/byname/,https://www.greekrank.com/uni/269/fraternities/byname/
University of Pennsylvania,University of Pennsylvania Phi_Gamma frat,https://www.greekrank.com/uni/76/fraternity/FIJI/74/rating/,https://www.greekrank.com/uni/76/fraternity/FIJI/74/rating/,https://www.greekrank.com/uni/76/fraternity/FIJI/74/rating/
Millikin University,Millikin University Phi_Gamma frat,https://millikin.edu/campus-life/campus-life/get-involved/greek-life/greek-organizations,https://www.greekrank.com/uni/544/fraternities/,https://www.greekrank.com/uni/544/fraternities/
Transylvania University,Transylvania University Phi_Gamma frat,https://www.transy.edu/campus/student-life/campus-engagement/fraternity-sorority-life/,https://www.transy.edu/campus/student-life/campus-engagement/fraternity-sorority-life/,https://www.transy.edu/campus/student-life/campus-engagement/fraternity-sorority-life/
Western Michigan University,Western Michigan University Phi_Gamma frat,https://www.greekrank.com/uni/386/fraternity/FIJI/74/rating/,https://www.greekrank.com/uni/386/fraternity/FIJI/74/rating/,https://www.greekrank.com/uni/386/fraternity/FIJI/74/rating/
Colorado School of Mines,Colorado School of Mines Phi_Gamma frat,https://www.greekrank.com/uni/556/fraternity/FIJI/74/rating/,https://www.greekrank.com/uni/556/fraternity/FIJI/74/rating/,https://www.greekrank.com/uni/556/fraternity/FIJI/74/rating/
Denison University,Denison University Phi_Gamma frat,https://www.greekrank.com/uni/29/fraternity/FIJI/74/rating/,https://www.greekrank.com/uni/29/fraternity/FIJI/74/rating/,https://www.greekrank.com/uni/29/fraternity/FIJI/74/rating/
University of Maryland Global Campus,University of Maryland Global Campus Phi_Gamma frat,https://fsl.umd.edu/,https://fsl.umd.edu/,https://fsl.umd.edu/community-chapters/chapter-statuses
University of California-Irvine,University of California-Irvine Phi_Gamma frat,https://www.greekrank.com/uni/319/fraternity/FIJI/74/rating/,https://www.greekrank.com/uni/319/fraternity/FIJI/74/rating/,https://www.greekrank.com/uni/319/fraternity/FIJI/74/rating/
University of North Alabama,University of North Alabama Phi_Gamma frat,https://www.una.edu/fsl/chapters/phi-gamma-delta.html,https://www.greekrank.com/uni/500/fraternity/FIJI/74/rating/,https://www.greekrank.com/uni/500/fraternity/FIJI/74/rating/
University of Vermont,University of Vermont Phi_Gamma frat,https://www.uvm.edu/studentlife/fraternity-and-sorority-life-fsl,https://www.uvm.edu/studentlife/fraternity-and-sorority-life-fsl,https://www.uvm.edu/studentlife/fraternity-and-sorority-life-fsl
Jacksonville University,Jacksonville University Phi_Gamma frat,https://www.ju.edu/campuslife/studentactivities/fraternity-sorority-life.php,https://www.ju.edu/campuslife/studentactivities/fraternity-sorority-life.php,https://www.ju.edu/campuslife/studentactivities/fraternity-sorority-life.php
Rose-Hulman Institute of Technology,Rose-Hulman Institute of Technology Phi_Gamma frat,https://www.rose-hulman.edu/campus-life/student-life/student-activities-and-groups/greek-life/index.html,https://www.greekrank.com/uni/293/fraternity/FIJI/74/rating/,https://www.greekrank.com/uni/293/fraternity/FIJI/74/rating/
University of Richmond,University of Richmond Phi_Gamma frat,https://involved.richmond.edu/fsl/chapters.html,https://en.wikipedia.org/wiki/List_of_University_of_Richmond_fraternities_and_sororities,https://en.wikipedia.org/wiki/List_of_University_of_Richmond_fraternities_and_sororities
University of Alabama at Birmingham,University of Alabama at Birmingham Phi_Gamma frat,https://www.uab.edu/students/involvement/fraternity-sorority/councils/interfraternity-council/organizations,https://calendar.uab.edu/group/phi_gamma_delta,https://calendar.uab.edu/group/phi_gamma_delta
Maryville College,Maryville College Phi_Gamma frat,https://highlandecho.com/a-historical-look-at-greek-life-and-secret-societies-at-mc/,https://en.wikipedia.org/wiki/List_of_Phi_Gamma_Delta_chapters,https://en.wikipedia.org/wiki/List_of_Phi_Gamma_Delta_chapters
University of Dallas,University of Dallas Phi_Gamma frat,https://gogreek.utdallas.edu/councils/,https://gogreek.utdallas.edu/councils/,https://www.untdallas.edu/sa/student-life/fraternity-sorority-life.php
Brown University,Brown University Phi_Gamma frat,https://reslife.brown.edu/greek-life-houses,https://alumni-friends.brown.edu/news/2021-06-13/alpha-gamma-centennial,https://www.reddit.com/r/BrownU/comments/a41gwc/guide_to_brown_frats/
University of Massachusetts-Amherst,University of Massachusetts-Amherst Phi_Gamma frat,https://www.umass.edu/greek/about-community/recognized-organizations/index.html,https://www.umass.edu/greek/about-community/recognized-organizations/index.html,https://www.greekrank.com/uni/344/fraternities/
Illinois Wesleyan University,Illinois Wesleyan University Phi_Gamma frat,https://www.iwu.edu/greek-life/organizations/interfraternity/phi-gamma-delta.html,https://www.iwu.edu/greek-life/organizations/interfraternity/phi-gamma-delta.html,https://www.greekrank.com/uni/505/fraternity/FIJI/74/rating/
Colgate University,Colgate University Phi_Gamma frat,https://www.colgate.edu/student-life/clubs-organizations/fraternities-and-sororities,https://www.colgate.edu/student-life/clubs-organizations/fraternities-and-sororities,https://www.colgate.edu/student-life/clubs-organizations/fraternities-and-sororities
Bates College,Bates College Phi_Gamma frat,https://www.bates.edu/news/2018/10/09/rho-beta-phi-fraternity/,https://www.bates.edu/news/2018/10/09/rho-beta-phi-fraternity/,https://www.bates.edu/news/2018/10/09/rho-beta-phi-fraternity/
Oregon State University,Oregon State University Phi_Gamma frat,https://studentlife.oregonstate.edu/chapter-profile/phi-gamma-delta-fiji,https://gogreek.oregonstate.edu/chapter-profiles,https://www.greekrank.com/uni/261/fraternity/FIJI/74/rating/
Bucknell University,Bucknell University Phi_Gamma frat,https://www.bucknell.edu/azdirectory/fraternity-sorority-affairs/fraternity-sorority-chapters,https://www.bucknell.edu/azdirectory/fraternity-sorority-affairs/fraternity-sorority-chapters,https://www.bucknell.edu/azdirectory/fraternity-sorority-affairs/fraternity-sorority-chapters
Dine College,Dine College Phi_Gamma frat,https://en.wikipedia.org/wiki/Phi_Gamma_Delta,https://en.wikipedia.org/wiki/Phi_Gamma_Delta,https://phigam.org/undergraduates/welcome-brothers/
DePauw University,DePauw University Phi_Gamma frat,https://www.depauw.edu/campus-life/greek-life/greek/councilschapters/depauwchapters/phigammadelta/,https://depauwfiji.com/,https://en.wikipedia.org/wiki/List_of_DePauw_University_fraternities_and_sororities
Stanford University,Stanford University Phi_Gamma frat,https://rde.stanford.edu/studenthousing/greek-houses,https://fsl.stanford.edu/how-join/chapter-dashboard,https://fsl.stanford.edu/how-join/chapter-dashboard
University of Denver,University of Denver Phi_Gamma frat,https://studentaffairs.du.edu/stay-involved/fraternity-sorority-life,https://studentaffairs.du.edu/stay-involved/fraternity-sorority-life,https://studentaffairs.du.edu/stay-involved/fraternity-sorority-life
University of North Carolina Wilmington,University of North Carolina Wilmington Phi_Gamma frat,https://www.greekrank.com/uni/329/fraternity/FIJI/74/rating/,https://www.greekrank.com/uni/329/fraternity/FIJI/74/rating/,https://uncw.edu/seahawk-life/get-involved/students/fraternities-sororities/
University of Mississippi,University of Mississippi Phi_Gamma frat,https://olemiss.edu/student-life/involvement/fraternities-and-sororities/,https://olemiss.edu/student-life/involvement/fraternities-and-sororities/,https://olemiss.edu/student-life/involvement/fraternities-and-sororities/
Baker University,Baker University Phi_Gamma frat,https://www.bakeru.edu/fraternity-sorority-life/,https://www.bakeru.edu/fraternity-sorority-life/,https://www.bakeru.edu/fraternity-sorority-life/
Lincoln University,Lincoln University Phi_Gamma frat,https://www.lincoln.edu/student-life/clubs-and-organizations/greek-and-social-fellowships.html,https://www.klkntv.com/what-happens-to-fiji-house-now-that-the-fraternity-has-been-suspended/,https://www.klkntv.com/what-happens-to-fiji-house-now-that-the-fraternity-has-been-suspended/
Seton Hall University,Seton Hall University Phi_Gamma frat,https://www.fijishu.org/,https://www.shu.edu/fraternity-and-sorority-life/greek-community.html,https://www.greekrank.com/uni/404/fraternities/byrank/
Arizona State University Campus Immersion,Arizona State University Campus Immersion Phi_Gamma frat,https://en.wikipedia.org/wiki/List_of_Arizona_State_University_fraternities_and_sororities,https://en.wikipedia.org/wiki/List_of_Arizona_State_University_fraternities_and_sororities,https://en.wikipedia.org/wiki/List_of_Arizona_State_University_fraternities_and_sororities
Bowling Green State University-Firelands,Bowling Green State University-Firelands Phi_Gamma frat,https://www.wtol.com/article/news/local/bgsu-phi-gamma-delta-fraternity-suspended/512-e0edafbe-2541-42b2-bfa7-1a607b97d6ab,https://www.wtol.com/article/news/local/bgsu-phi-gamma-delta-fraternity-suspended/512-e0edafbe-2541-42b2-bfa7-1a607b97d6ab,https://www.wtol.com/article/news/local/bgsu-phi-gamma-delta-fraternity-suspended/512-e0edafbe-2541-42b2-bfa7-1a607b97d6ab
Union University,Union University Phi_Gamma frat,https://www.uu.edu/studentlife/greek/,https://connect.phigam.org/deltachapter,https://www.union.edu/fraternity-and-sorority-life/multicultural-greek-council
William Woods University,William Woods University Phi_Gamma frat,https://www.williamwoods.edu/student_experience/undergraduate_student_experience/clubs_and_organizations/fraternity_sorority/fraternity_chapters.html,https://www.williamwoods.edu/student_experience/undergraduate_student_experience/clubs_and_organizations/fraternity_sorority/fraternity_chapters.html,https://www.greekrank.com/uni/821/fraternity/FIJI/74/rating/
Occidental College,Occidental College Phi_Gamma frat,https://www.oxy.edu/student-life/clubs-organizations/greek-life,https://www.oxy.edu/student-life/clubs-organizations/greek-life,https://theoccidentalnews.com/local/2021/09/29/from-college-hill-to-fiji-hill-the-history-of-a-beloved-occidental-landmark/2903674
University of Iowa,University of Iowa Phi_Gamma frat,https://fsl.uiowa.edu/chapters-and-councils/phi-gamma-delta,https://fsl.uiowa.edu/chapters-and-councils/phi-gamma-delta,https://www.greekrank.com/uni/277/fraternity/FIJI/74/rating/
Purdue University Fort Wayne,Purdue University Fort Wayne Phi_Gamma frat,https://www.purdue.edu/fscl/councils/ifc/chapters.html,https://www.pgnpurdue.com/,https://www.purduepanhellenic.com/
Indiana University-Indianapolis,Indiana University-Indianapolis Phi_Gamma frat,https://www.iupgn.com/,https://kelley.iu.edu/programs/undergrad/student-life/professional-fraternity-council/member-fraternities.html,https://kelley.iu.edu/programs/undergrad/student-life/professional-fraternity-council/member-fraternities.html
Tulane University of Louisiana,Tulane University of Louisiana Phi_Gamma frat,https://greek.tulane.edu/interfraternity-council-members,https://greek.tulane.edu/interfraternity-council-members,https://greek.tulane.edu/interfraternity-council-members
Kenyon College,Kenyon College Phi_Gamma frat,https://www.kenyon.edu/offices-and-services/office-of-student-engagement/greek-life/,https://www.reddit.com/r/Kenyon/comments/e1y5k0/kenyons_fraternities/,https://www.reddit.com/r/Kenyon/comments/e1y5k0/kenyons_fraternities/
University of San Diego,University of San Diego Phi_Gamma frat,https://www.sandiego.edu/fraternity-sorority-life/our-community/recognized-chapters/phi-gamma-delta.php,https://www.sandiego.edu/fraternity-sorority-life/our-community/recognized-chapters/phi-gamma-delta.php,https://www.greekrank.com/uni/353/fraternity/FIJI/74/rating/
North Carolina A & T State University,North Carolina A & T State University Phi_Gamma frat,https://ncat.edu/campus-life/student-affairs/departments/student-activities/greek-life/chapter-status.php,https://en.wikipedia.org/wiki/List_of_North_Carolina_A%26T_State_University_fraternities_and_sororities,https://en.wikipedia.org/wiki/List_of_North_Carolina_A%26T_State_University_fraternities_and_sororities
Texas Tech University,Texas Tech University Phi_Gamma frat,https://www.depts.ttu.edu/fsl/includes/About/Councils.php,https://www.greekrank.com/uni/52/fraternity/FIJI/74/rating/,https://www.greekrank.com/uni/52/fraternity/FIJI/74/rating/
University of Idaho,University of Idaho Phi_Gamma frat,https://www.uidaho.edu/student-life/greek/community/ifc-fraternities/fiji,https://www.uidaho.edu/student-life/greek/community/ifc-fraternities/fiji,https://www.uidaho.edu/student-life/greek
University of Central Arkansas,University of Central Arkansas Phi_Gamma frat,https://www.greekrank.com/uni/205/fraternity/FIJI/74/rating/,https://www.greekrank.com/uni/205/fraternity/FIJI/74/rating/,https://www.greekrank.com/uni/205/fraternity/FIJI/74/rating/
Nova Southeastern University,Nova Southeastern University Phi_Gamma frat,https://www.nova.edu/fraternity-sorority-life/pc/phi_sigma_sigma.html,https://www.nova.edu/fraternity-sorority-life/pc/phi_sigma_sigma.html,https://www.nova.edu/fraternity-sorority-life/index.html
Kansas State University,Kansas State University Phi_Gamma frat,https://orgcentral.k-state.edu/FIJI/,https://www.greekrank.com/uni/283/fraternity/FIJI/74/rating/,https://www.greekrank.com/uni/283/fraternity/FIJI/74/rating/
University of Arizona,University of Arizona Phi_Gamma frat,https://greek.arizona.edu/phi-gamma-delta,https://www.greekrank.com/uni/67/fraternity/FIJI/74/rating/,https://www.greekrank.com/uni/67/fraternity/FIJI/74/rating/
Florida State University,Florida State University Phi_Gamma frat,https://www.fsuifc.com/chapter-profiles/phigammadelta,https://www.greekrank.com/uni/15/fraternity/FIJI/74/rating/,https://www.greekrank.com/uni/15/fraternity/FIJI/74/rating/
