SAE Chapter Name (217 DB),Matched Institution (1440 DB),Match Score,Link 1,Link 2,Link 3
University of Alabama,The University of Alabama,91,https://www.universityofalabamaifc.com/fraternities/sigma-alpha-epsilon,https://www.universityofalabamaifc.com/fraternities/sigma-alpha-epsilon,https://www.universityofalabamaifc.com/fraternities/sigma-alpha-epsilon
Vanderbilt University,Vanderbilt University,100,https://www.vanderbilt.edu/AnS/Anthro/Anth263/end_of_the_sae_house.htm,https://www.vanderbilt.edu/AnS/Anthro/Anth263/end_of_the_sae_house.htm,https://www.vanderbilt.edu/AnS/Anthro/Anth263/end_of_the_sae_house.htm
UNC Chapel Hill,NO MATCH,55,,,
Union University,Union University,100,https://www.uu.edu/studentlife/greek/sigma-alpha-epsilon.cfm,https://www.uu.edu/studentlife/greek/sigma-alpha-epsilon.cfm,https://uusae.org/about
College of William & Mary,NO MATCH,77,,,
University of Virginia,NO MATCH,89,,,
Auburn University,Auburn University,100,https://auburn.campuslabs.com/engage/organization/sae,https://auburn.campuslabs.com/engage/organization/sae,https://auburn.campuslabs.com/engage/organization/sae
"University of Tennessee, Knoxville",The University of Tennessee-Knoxville,94,https://studentlife.utk.edu/gogreek/interfraternity-council/sigma-alpha-epsilon/,https://studentlife.utk.edu/gogreek/interfraternity-council/sigma-alpha-epsilon/,https://studentlife.utk.edu/gogreek/interfraternity-council/sigma-alpha-epsilon/
Sewanee: The University of the South,NO MATCH,87,,,
Oglethorpe University,Oglethorpe University,100,https://oglethorpe.edu/life/things-to-do/clubs-and-organizations/fraternities-and-sororities/,https://oglethorpe.edu/life/things-to-do/clubs-and-organizations/fraternities-and-sororities/,https://oglethorpe.edu/life/things-to-do/clubs-and-organizations/fraternities-and-sororities/
University of Georgia,University of Georgia,100,https://www.greekrank.com/uni/85/fraternity/SAE-Sigma-Alpha-Epsilon/88/rating/,https://www.greekrank.com/uni/85/fraternity/SAE-Sigma-Alpha-Epsilon/88/rating/,https://www.greekrank.com/uni/85/fraternity/SAE-Sigma-Alpha-Epsilon/88/rating/
University of Mississippi,University of Mississippi,100,https://www.saeolemiss.com/about,https://www.saeolemiss.com/about,https://www.saeolemiss.com/about
Louisiana State University,Louisiana Tech University,90,https://www.greekrank.com/uni/306/fraternity/SAE-Sigma-Alpha-Epsilon/88/rating/,https://www.greekrank.com/uni/306/fraternity/SAE-Sigma-Alpha-Epsilon/88/rating/,https://www.greekrank.com/uni/306/fraternity/SAE-Sigma-Alpha-Epsilon/88/rating/
Furman University,Furman University,100,https://www.greekrank.com/uni/181/fraternity/SAE-Sigma-Alpha-Epsilon/88/rating/,https://www.greekrank.com/uni/181/fraternity/SAE-Sigma-Alpha-Epsilon/88/rating/,https://www.greekrank.com/uni/181/fraternity/SAE-Sigma-Alpha-Epsilon/88/rating/
Mississippi College,Mississippi College,100,https://www.sae.net/about/meet-our-leadership/,https://www.sae.net/about/meet-our-leadership/,https://www.sae.net/about/meet-our-leadership/
Mercer University,Mercer University,100,https://www.greekrank.com/uni/318/fraternity/SAE-Sigma-Alpha-Epsilon/88/rating/,https://www.greekrank.com/uni/318/fraternity/SAE-Sigma-Alpha-Epsilon/88/rating/,https://www.greekrank.com/uni/318/fraternity/SAE-Sigma-Alpha-Epsilon/88/rating/
Samford University,Samford University,100,https://www.thesamfordcrimson.com/2024/04/03/final-fraternities-vie-for-a-spot-on-campus/,https://www.thesamfordcrimson.com/2024/04/03/final-fraternities-vie-for-a-spot-on-campus/,https://www.thesamfordcrimson.com/2024/04/03/final-fraternities-vie-for-a-spot-on-campus/
Centre College,Centre College,100,https://www.greekrank.com/uni/208/fraternity/SAE-Sigma-Alpha-Epsilon/88/rating/,https://www.greekrank.com/uni/208/fraternity/SAE-Sigma-Alpha-Epsilon/88/rating/,https://www.greekrank.com/uni/208/fraternity/SAE-Sigma-Alpha-Epsilon/88/rating/
Rhodes College,Rhodes College,100,https://sites.rhodes.edu/fs-life/who-we-are/chapters-rhodes/sigma-alpha-epsilon,https://sites.rhodes.edu/fs-life/who-we-are/chapters-rhodes/sigma-alpha-epsilon,https://www.actionnews5.com/2019/11/15/new-lawsuit-filed-against-rhodes-college-sae-fraternity-after-alleged-sexual-assault/
Davidson College,Davidson College,100,https://www.davidson.edu/offices-and-services/student-activities/student-organizations/fraternity-sorority-life-patterson-court-council,https://www.davidson.edu/offices-and-services/student-activities/student-organizations/fraternity-sorority-life-patterson-court-council,https://www.davidson.edu/offices-and-services/student-activities/student-organizations/fraternity-sorority-life-patterson-court-council
Gettysburg College,Gettysburg College,100,https://saegettysburg.org/,https://saegettysburg.org/,https://saegettysburg.org/
University of Florida,University of Florida,100,https://www.greekrank.com/uni/31/fraternity/SAE-Sigma-Alpha-Epsilon/88/rating/,https://www.greekrank.com/uni/31/fraternity/SAE-Sigma-Alpha-Epsilon/88/rating/,https://www.greekrank.com/uni/31/fraternity/SAE-Sigma-Alpha-Epsilon/88/rating/
University of Mount Union,University of Mount Union,100,https://www.mountunion.edu/campus-life/student-involvement/fraternity-and-sorority-life/fraternity-life,https://www.mountunion.edu/campus-life/student-involvement/fraternity-and-sorority-life/fraternity-life,https://www.mountunion.edu/campus-life/student-involvement/fraternity-and-sorority-life/fraternity-life
Adrian College,Adrian College,100,https://www.adrian.edu/student-life/clubs-and-organizations/greek-life/overview,https://www.greekrank.com/uni/125/fraternity/SAE-Sigma-Alpha-Epsilon/88/rating/rating-308221/,https://www.greekrank.com/uni/125/fraternity/SAE-Sigma-Alpha-Epsilon/88/rating/rating-308221/
University of Cincinnati,NO MATCH,80,,,
Georgia Tech,NO MATCH,56,,,
University of Colorado Boulder,University of Colorado Boulder,100,https://coloradosae.org/,https://coloradosae.org/,https://coloradosae.org/
Cornell University,Cornell University,100,https://sae-cornell.org/,https://sae-cornell.org/,https://sae-cornell.org/
Franklin College,NO MATCH,77,,,
Stanford University,Stanford University,100,https://fsl.stanford.edu/our-community/interfraternity-council/sigma-alpha-epsilon,https://fsl.stanford.edu/our-community/interfraternity-council/sigma-alpha-epsilon,https://fsl.stanford.edu/our-community/interfraternity-council/sigma-alpha-epsilon
Washington University in St. Louis,Washington University in St Louis,100,https://www.greekrank.com/uni/380/fraternity/SAE-Sigma-Alpha-Epsilon/88/rating/,https://www.greekrank.com/uni/380/fraternity/SAE-Sigma-Alpha-Epsilon/88/rating/,https://www.greekrank.com/uni/380/fraternity/SAE-Sigma-Alpha-Epsilon/88/rating/
Penn State University,NO MATCH,87,,,
Ohio State University,Iowa State University,90,https://saeatisu.com/,https://saeatisu.com/,https://saeatisu.com/
MIT,NO MATCH,38,,,
Harvard University,Harvard University,100,https://www.greekrank.com/uni/643/fraternity/SAE-Sigma-Alpha-Epsilon/88/rating/,https://www.greekrank.com/uni/643/fraternity/SAE-Sigma-Alpha-Epsilon/88/rating/,https://www.greekrank.com/uni/643/fraternity/SAE-Sigma-Alpha-Epsilon/88/rating/
Purdue University,NO MATCH,88,,,
University of Nebraska–Lincoln,University of Nebraska-Lincoln,100,https://sae635.org/,https://sae635.org/,https://sae635.org/
Bucknell University,Bucknell University,100,https://www.saebucknell.org/,https://www.saebucknell.org/,https://www.saebucknell.org/
Worcester Polytechnic Institute,Worcester Polytechnic Institute,100,https://www.saewpi.com/,https://www.saewpi.com/,https://www.saewpi.com/
University of Arkansas,University of Arkansas,100,https://uagreeks.uark.edu/interfraternity-council/sigma-alpha-epsilon.php,https://uagreeks.uark.edu/interfraternity-council/sigma-alpha-epsilon.php,https://uagreeks.uark.edu/interfraternity-council/sigma-alpha-epsilon.php
Northwestern University,Northwestern University,100,https://www.northwestern.edu/fsl/councils/interfraternity-council/sigma-alpha-epsilon-fraternity.html,https://www.northwestern.edu/fsl/councils/interfraternity-council/sigma-alpha-epsilon-fraternity.html,https://www.northwestern.edu/fsl/councils/interfraternity-council/sigma-alpha-epsilon-fraternity.html
UC Berkeley,NO MATCH,56,,,
Tulane University,NO MATCH,88,,,
University of Illinois Urbana-Champaign,University of Illinois Urbana-Champaign,100,https://fsaffairs.illinois.edu/organizations/fraternities/SigmaAlphaEpsilon,https://fsaffairs.illinois.edu/organizations/fraternities/SigmaAlphaEpsilon,https://fsaffairs.illinois.edu/organizations/fraternities/SigmaAlphaEpsilon
University of Kentucky,University of Kentucky,100,https://www.greekrank.com/uni/40/fraternity/SAE-Sigma-Alpha-Epsilon/88/rating/,https://www.greekrank.com/uni/40/fraternity/SAE-Sigma-Alpha-Epsilon/88/rating/,https://www.greekrank.com/uni/40/fraternity/SAE-Sigma-Alpha-Epsilon/88/rating/
University of Pennsylvania,University of Pennsylvania,100,https://ofsl.universitylife.upenn.edu/chapter/sigma-alpha-epsilon/,https://ofsl.universitylife.upenn.edu/chapter/sigma-alpha-epsilon/,https://www.greekrank.com/uni/76/fraternities/
University of Minnesota,NO MATCH,87,,,
Colorado School of Mines,Colorado School of Mines,100,https://www.mines.edu/greek-life/sae/,https://www.mines.edu/greek-life/sae/,https://www.mines.edu/greek-life/sae/
University of Wisconsin–Madison,University of Wisconsin-Madison,100,https://www.greekrank.com/uni/64/fraternity/SAE-Sigma-Alpha-Epsilon/88/rating/,https://www.greekrank.com/uni/64/fraternity/SAE-Sigma-Alpha-Epsilon/88/rating/,https://www.greekrank.com/uni/64/fraternity/SAE-Sigma-Alpha-Epsilon/88/rating/
University of Kansas,University of Kansas,100,https://www.ku-sae.com/,https://www.ku-sae.com/,http://kuifc.org/sigma-alpha-epsilon
Birmingham‑Southern College,NO MATCH,69,,,
Emory University,Emory University,100,https://www.greekrank.com/uni/163/fraternity/SAE-Sigma-Alpha-Epsilon/88/rating/,https://www.greekrank.com/uni/163/fraternity/SAE-Sigma-Alpha-Epsilon/88/rating/,https://www.greekrank.com/uni/163/fraternity/SAE-Sigma-Alpha-Epsilon/88/rating/
Baylor University,Baylor University,100,https://www.greekrank.com/uni/165/fraternity/SAE-Sigma-Alpha-Epsilon/88/rating/,https://www.greekrank.com/uni/165/fraternity/SAE-Sigma-Alpha-Epsilon/88/rating/,https://www.greekrank.com/uni/165/fraternity/SAE-Sigma-Alpha-Epsilon/88/rating/
George Washington University,George Washington University,100,https://www.greekrank.com/uni/51/fraternity/SAE-Sigma-Alpha-Epsilon/88/rating/,https://www.greekrank.com/uni/51/fraternity/SAE-Sigma-Alpha-Epsilon/88/rating/,https://www.greekrank.com/uni/51/fraternity/SAE-Sigma-Alpha-Epsilon/88/rating/
University of Texas at Austin,The University of Texas at Austin,94,https://www.greekrank.com/uni/65/fraternity/SAE-Sigma-Alpha-Epsilon/88/rating/,https://www.greekrank.com/uni/65/fraternity/SAE-Sigma-Alpha-Epsilon/88/rating/,https://www.greekrank.com/uni/65/fraternity/SAE-Sigma-Alpha-Epsilon/88/rating/
Hampden‑Sydney College,NO MATCH,68,,,
University of South Carolina,University of South Carolina Aiken,90,https://www.usca.edu/departments/student-affairs/greek-life/fraternity-chapters/,https://www.usca.edu/departments/student-affairs/greek-life/fraternity-chapters/,https://www.usca.edu/departments/student-affairs/greek-life/fraternity-chapters/
Mississippi State University,Mississippi State University,100,https://www.greeks.msstate.edu/,https://www.greeks.msstate.edu/,https://www.greekrank.com/uni/98/fraternity/SAE-Sigma-Alpha-Epsilon/88/rating/
University of Michigan,NO MATCH,88,,,
Simpson College,Simpson College,100,https://simpson.edu/life-at-simpson/ways-to-get-involved/greek-life/,https://events.simpson.edu/group/sae,https://events.simpson.edu/group/sae
University of Washington,University of Mary Washington,91,https://students.umw.edu/studentactivities/sae-guidelines/greek-life/,https://students.umw.edu/studentactivities/sae-guidelines/greek-life/,https://catalog.umw.edu/student-life/student-activities-organizations/
Indiana University Bloomington,Indiana University-Bloomington,100,https://www.greekrank.com/uni/71/fraternity/SAE-Sigma-Alpha-Epsilon/88/rating/,https://www.greekrank.com/uni/71/fraternity/SAE-Sigma-Alpha-Epsilon/88/rating/,https://www.greekrank.com/uni/71/fraternity/SAE-Sigma-Alpha-Epsilon/88/rating/
Dartmouth College,Dartmouth College,100,https://www.usatoday.com/story/college/2016/02/08/sae-booted-off-dartmouth-suspended-by-national-organization/37412251/,https://www.usatoday.com/story/college/2016/02/08/sae-booted-off-dartmouth-suspended-by-national-organization/37412251/,https://www.usatoday.com/story/college/2016/02/08/sae-booted-off-dartmouth-suspended-by-national-organization/37412251/
Millikin University,Millikin University,100,https://millikin.edu/sigma-alpha-epsilon,https://millikin.edu/sigma-alpha-epsilon,https://saeildmu.wixsite.com/saemillikin/about
University of South Dakota,University of South Dakota,100,https://www.usd.edu/Student-Life/Activities-and-Involvement/Sorority-and-Fraternity-Life,https://www.usd.edu/Student-Life/Activities-and-Involvement/Sorority-and-Fraternity-Life,https://www.usd.edu/Student-Life/Activities-and-Involvement/Sorority-and-Fraternity-Life
Kansas State University,Kansas State University,100,https://saeksu.net/,https://saeksu.net/,https://saeksu.net/
University of Pittsburgh,NO MATCH,83,,,
Washington State University,Washington State University,100,https://www.facebook.com/SigmaAlphaEpsilonWSU/,https://www.facebook.com/SigmaAlphaEpsilonWSU/,https://www.sae.net/chapter/washington-state-university-washington-beta/
Oregon State University,Oregon State University,100,https://saeoregonstate.com/,https://saeoregonstate.com/,https://saeoregonstate.com/
University of Wyoming,University of Wyoming,100,https://www.uwyo.edu/sae/,https://www.uwyo.edu/sae/,https://www.uwyo.edu/sae/
Colorado State University,Colorado Mesa University,90,https://www.coloradomesa.edu/student-life/clubs-organizations/greek-life/fraternities.html,https://www.coloradomesa.edu/student-life/clubs-organizations/greek-life/fraternities.html,https://www.coloradomesa.edu/student-life/clubs-organizations/greek-life/fraternities.html
University of Arizona,University of Arizona,100,https://greek.arizona.edu/sigma-alpha-epsilon,https://greek.arizona.edu/sigma-alpha-epsilon,https://www.greekrank.com/uni/67/fraternity/SAE-Sigma-Alpha-Epsilon/88/rating/
"University of Nevada, Reno",University of Nevada-Reno,100,https://www.greekrank.com/uni/347/fraternity/SAE-Sigma-Alpha-Epsilon/88/rating/,https://www.greekrank.com/uni/347/fraternity/SAE-Sigma-Alpha-Epsilon/88/rating/,https://www.greekrank.com/uni/347/fraternity/SAE-Sigma-Alpha-Epsilon/88/rating/
University of New Hampshire,NO MATCH,87,,,
San Jose State,NO MATCH,72,,,
Florida State University,Florida State University,100,https://www.fsuifc.com/chapter-profiles/sigmaalphaepsilon,https://www.fsuifc.com/chapter-profiles/sigmaalphaepsilon,https://www.greekrank.com/uni/15/fraternity/SAE-Sigma-Alpha-Epsilon/88/rating/
Willamette University,Willamette University,100,https://www.greekrank.com/uni/602/fraternity/SAE-Sigma-Alpha-Epsilon/88/rating/,https://www.greekrank.com/uni/602/fraternity/SAE-Sigma-Alpha-Epsilon/88/rating/,https://www.greekrank.com/uni/602/fraternity/SAE-Sigma-Alpha-Epsilon/88/rating/
Westminster College,Westminster College,100,https://www.wcmo.edu/student-life/fraternity-and-sorority-life/interfraternity/sae.html,https://www.wcmo.edu/student-life/fraternity-and-sorority-life/interfraternity/sae.html,https://www.wcmo.edu/student-life/fraternity-and-sorority-life/interfraternity/sae.html
San Diego State University,San Diego State University,100,https://www.greekrank.com/uni/69/fraternity/SAE-Sigma-Alpha-Epsilon/88/rating/,https://www.greekrank.com/uni/69/fraternity/SAE-Sigma-Alpha-Epsilon/88/rating/,https://www.greekrank.com/uni/69/fraternity/SAE-Sigma-Alpha-Epsilon/88/rating/
Fresno State,NO MATCH,53,,,
Florida Southern College,Florida Southern College,100,https://www.flsouthern.edu/campus-life/clubs-and-more/greek-life,https://www.greekrank.com/uni/174/fraternity/SAE-Sigma-Alpha-Epsilon/88/rating/,https://www.greekrank.com/uni/174/fraternity/SAE-Sigma-Alpha-Epsilon/88/rating/
Western Kentucky University,Western Kentucky University,100,https://www.wku.edu/wkugreeks/ifc/sigmaalphaepsilon.php,https://www.wku.edu/wkugreeks/ifc/sigmaalphaepsilon.php,https://www.greekrank.com/uni/112/fraternity/SAE-Sigma-Alpha-Epsilon/88/rating/
CSU Los Angeles,NO MATCH,67,,,
Kettering University,Kettering University,100,https://www.kettering.edu/life-at-kettering/clubs-organizations/fraternity-and-sorority-life,https://www.kettering.edu/life-at-kettering/clubs-organizations/fraternity-and-sorority-life,https://www.kettering.edu/life-at-kettering/clubs-organizations/fraternity-and-sorority-life
University of Northern Iowa,University of Northern Iowa,100,https://www.northerniowan.com/21641/showcase/fraternity-house-for-sale/,https://www.northerniowan.com/21641/showcase/fraternity-house-for-sale/,https://www.northerniowan.com/21641/showcase/fraternity-house-for-sale/
University of Southern Mississippi,University of Southern Mississippi,100,https://www.usm.edu/housing-residence-life/housing-options/sigma-alpha-epsilon.php,https://www.usm.edu/housing-residence-life/housing-options/sigma-alpha-epsilon.php,https://www.southernmissifc.com/meet-our-chapters
Northern Illinois University,Northern Illinois University,100,https://www.greekrank.com/uni/244/fraternity/SAE-Sigma-Alpha-Epsilon/88/rating/,https://www.greekrank.com/uni/244/fraternity/SAE-Sigma-Alpha-Epsilon/88/rating/,https://www.greekrank.com/uni/244/fraternity/SAE-Sigma-Alpha-Epsilon/88/rating/
Bradley University,Bradley University,100,https://www.greekrank.com/uni/182/fraternity/SAE-Sigma-Alpha-Epsilon/88/rating/rating-948977/,https://www.greekrank.com/uni/182/fraternity/SAE-Sigma-Alpha-Epsilon/88/rating/rating-948977/,https://www.greekrank.com/uni/182/fraternity/SAE-Sigma-Alpha-Epsilon/88/rating/rating-948977/
Wichita State University,Wichita State University,100,https://www.wichita.edu/student_life/student_engagement_belonging/fraternity_and_sorority_life/index.php,https://www.wichita.edu/student_life/student_engagement_belonging/fraternity_and_sorority_life/index.php,https://www.wichita.edu/student_life/student_engagement_belonging/fraternity_and_sorority_life/index.php
Ball State University,Ball State University,100,https://www.bsu.edu/campuslife/fraternity-and-sorority-life/ball-state-chapters,https://www.bsu.edu/campuslife/fraternity-and-sorority-life/ball-state-chapters,https://www.bsu.edu/campuslife/fraternity-and-sorority-life/ball-state-chapters
Randolph‑Macon College,Randolph-Macon College,100,https://www.rmc.edu/campus-life/fraternity-sorority-life/,https://www.rmc.edu/campus-life/fraternity-sorority-life/,https://www.rmc.edu/campus-life/fraternity-sorority-life/
CSU Northridge,NO MATCH,48,,,
CSU Sacramento,NO MATCH,56,,,
University of Louisiana at Lafayette,University of Louisiana at Lafayette,100,https://www.greekrank.com/uni/498/fraternity/SAE-Sigma-Alpha-Epsilon/88/rating/,https://www.greekrank.com/uni/498/fraternity/SAE-Sigma-Alpha-Epsilon/88/rating/,https://www.greekrank.com/uni/498/fraternity/SAE-Sigma-Alpha-Epsilon/88/rating/
University of South Florida,University of South Florida,100,https://www.greekrank.com/uni/36/fraternity/SAE-Sigma-Alpha-Epsilon/88/rating/,https://www.greekrank.com/uni/36/fraternity/SAE-Sigma-Alpha-Epsilon/88/rating/,https://www.greekrank.com/uni/36/fraternity/SAE-Sigma-Alpha-Epsilon/88/rating/
Harvard University Extension,NO MATCH,78,,,
University of Houston,University of Houston,100,https://www.uh.edu/cfsl/prospective-members/fraternities/,https://www.uh.edu/cfsl/prospective-members/fraternities/,https://www.uh.edu/cfsl/prospective-members/fraternities/
DePaul University,DePaul University,100,https://dehub.depaul.edu/SAE/,https://dehub.depaul.edu/SAE/,https://dehub.depaul.edu/SAE/
University of Evansville,University of Evansville,100,https://www.greekrank.com/uni/336/fraternity/SAE-Sigma-Alpha-Epsilon/88/rating/,https://www.greekrank.com/uni/336/fraternity/SAE-Sigma-Alpha-Epsilon/88/rating/,https://www.greekrank.com/uni/336/fraternity/SAE-Sigma-Alpha-Epsilon/88/rating/
Ripon College,NO MATCH,86,,,
Creighton University,Creighton University,100,https://cuinvolved.creighton.edu/organization/SAECreighton,https://cuinvolved.creighton.edu/organization/SAECreighton,https://cuinvolved.creighton.edu/organization/SAECreighton
"California State University, Fullerton",California State University-Fullerton,100,http://www.saecalpi.com/,http://www.saecalpi.com/,https://www.sae.net/chapter/california-state-university-fullerton-california-pi/
University of Hartford,University of Hartford,100,https://www.hartford.edu/student-life/clubs-activities/greek-life/fraternities.aspx,https://www.hartford.edu/student-life/clubs-activities/greek-life/fraternities.aspx,https://www.hartford.edu/student-life/clubs-activities/greek-life/fraternities.aspx
Christian Brothers University,NO MATCH,81,,,
Central Michigan University,Central Michigan University,100,https://engage.apps.cmich.edu/organization/sigma-alpha-epsilon,https://engage.apps.cmich.edu/organization/sigma-alpha-epsilon,https://www.sae.net/chapter/central-michigan-university-michigan-delta-omega/
Youngstown State University,Youngstown State University,100,https://ysu.edu/greek-life/fraternities,https://ysu.edu/greek-life/fraternities,https://ysu.edu/greek-life/fraternities
Arizona State University,NO MATCH,89,,,
East Tennessee State University,East Tennessee State University,100,https://www.saetnal.org/,https://www.saetnal.org/,https://www.saetnal.org/
Eastern New Mexico University,NO MATCH,83,,,
Texas Christian University,Texas Christian University,100,https://engage.tcu.edu/organization/sae,https://engage.tcu.edu/organization/sae,https://engage.tcu.edu/organization/sae
University of Texas at San Antonio,The University of Texas at San Antonio,94,https://www.greekrank.com/uni/369/fraternity/SAE-Sigma-Alpha-Epsilon/88/rating/,https://www.greekrank.com/uni/369/fraternity/SAE-Sigma-Alpha-Epsilon/88/rating/,https://www.greekrank.com/uni/369/fraternity/SAE-Sigma-Alpha-Epsilon/88/rating/
UC Santa Barbara,NO MATCH,58,,,
Texas A&M University,NO MATCH,89,,,
Towson University,Towson University,100,https://www.towson.edu/studentlife/activities/fraternity-sorority/recognized.html,https://www.towson.edu/studentlife/activities/fraternity-sorority/recognized.html,https://www.towson.edu/studentlife/activities/fraternity-sorority/recognized.html
UNC Wilmington,NO MATCH,74,,,
University of Akron,University of Arizona,90,https://greek.arizona.edu/sigma-alpha-epsilon,https://greek.arizona.edu/sigma-alpha-epsilon,https://www.greekrank.com/uni/67/fraternity/SAE-Sigma-Alpha-Epsilon/88/rating/
University of Delaware,University of Delaware,100,https://www.udel.edu/students/involvement/fsll/chapters/sigma-alpha-epsilon/,https://www.udel.edu/students/involvement/fsll/chapters/sigma-alpha-epsilon/,https://www.greekrank.com/uni/109/fraternity/SAE-Sigma-Alpha-Epsilon/88/rating/
University of Louisville,University of Louisville,100,https://www.greekrank.com/uni/307/fraternity/SAE-Sigma-Alpha-Epsilon/88/rating/rating-2108819/,https://www.greekrank.com/uni/307/fraternity/SAE-Sigma-Alpha-Epsilon/88/rating/rating-2108819/,https://www.greekrank.com/uni/307/fraternity/SAE-Sigma-Alpha-Epsilon/88/rating/rating-2108819/
University of La Verne,University of La Verne,100,https://laverne.edu/student-life/fraternity-sorority-life/,https://laverne.edu/student-life/fraternity-sorority-life/,https://www.greekrank.com/uni/610/fraternity/SAE-Sigma-Alpha-Epsilon/88/rating/
"University of Nevada, Las Vegas",University of Nevada-Las Vegas,100,https://www.unlv.edu/sia/fraternity-sorority,https://www.unlv.edu/sia/fraternity-sorority,https://www.unlv.edu/sia/fraternity-sorority
Winthrop University,Winthrop University,100,https://www.winthrop.edu/studentorgs/sigma-alpha-epsilon.aspx,https://www.winthrop.edu/studentorgs/sigma-alpha-epsilon.aspx,https://www.instagram.com/winthropsae/
UC San Diego,NO MATCH,63,,,
UC Irvine,NO MATCH,48,,,
University of North Alabama,University of North Alabama,100,https://www.una.edu/fsl/index.html,https://www.una.edu/fsl/index.html,https://thecrimsonwhite.com/110725/top-stories/sae-fraternity-accused-of-hazing-in-recent-lawsuit/
Albright College,Albright College,100,https://www.albright.edu/greek-life/,https://www.albright.edu/greek-life/,https://www.greekrank.com/uni/127/fraternity/SAE-Sigma-Alpha-Epsilon/88/rating/
Embry‑Riddle Daytona,NO MATCH,57,,,
Duquesne University,Duquesne University,100,https://www.greekrank.com/uni/152/fraternity/SAE-Sigma-Alpha-Epsilon/88/rating/,https://www.greekrank.com/uni/152/fraternity/SAE-Sigma-Alpha-Epsilon/88/rating/,https://www.greekrank.com/uni/152/fraternity/SAE-Sigma-Alpha-Epsilon/88/rating/
Western Carolina University,Western Carolina University,100,https://www.wcu.edu/experience/dean-of-students/greek-student-engagement/organizations.aspx,https://www.greekrank.com/uni/384/fraternity/SAE-Sigma-Alpha-Epsilon/88/rating/,https://www.greekrank.com/uni/384/fraternity/SAE-Sigma-Alpha-Epsilon/88/rating/
University of North Florida,University of North Florida,100,https://www.greekrank.com/uni/241/fraternity/SAE-Sigma-Alpha-Epsilon/88/rating/,https://www.greekrank.com/uni/241/fraternity/SAE-Sigma-Alpha-Epsilon/88/rating/,https://www.greekrank.com/uni/241/fraternity/SAE-Sigma-Alpha-Epsilon/88/rating/
Nicholls State University,Nicholls State University,100,https://www.nicholls.edu/greek/,https://www.greekrank.com/uni/616/fraternity/SAE-Sigma-Alpha-Epsilon/88/rating/,https://www.greekrank.com/uni/616/fraternity/SAE-Sigma-Alpha-Epsilon/88/rating/
Wake Forest University,Wake Forest University,100,https://www.greekrank.com/uni/83/fraternity/SAE-Sigma-Alpha-Epsilon/88/rating/,https://www.greekrank.com/uni/83/fraternity/SAE-Sigma-Alpha-Epsilon/88/rating/,https://www.greekrank.com/uni/83/fraternity/SAE-Sigma-Alpha-Epsilon/88/rating/
Kennesaw State University,Kennesaw State University,100,https://www.kennesaw.edu/student-affairs/involvement/fraternity-sorority-life/our-community/interfraternity-council/sigma-alpha-epsilon.php,https://www.kennesaw.edu/student-affairs/involvement/fraternity-sorority-life/our-community/interfraternity-council/sigma-alpha-epsilon.php,https://www.kennesaw.edu/student-affairs/involvement/fraternity-sorority-life/our-community/interfraternity-council/sigma-alpha-epsilon.php
Rowan University,Rowan University,100,https://www.greekrank.com/uni/295/fraternity/SAE-Sigma-Alpha-Epsilon/88/rating/,https://www.greekrank.com/uni/295/fraternity/SAE-Sigma-Alpha-Epsilon/88/rating/,https://www.greekrank.com/uni/295/fraternity/SAE-Sigma-Alpha-Epsilon/88/rating/
University of Colorado Colorado Springs,University of Colorado Colorado Springs,100,https://www.uccs.edu/experience/fraternities-and-sororities,https://www.uccs.edu/experience/fraternities-and-sororities,https://www.uccs.edu/experience/fraternities-and-sororities
McDaniel College,McDaniel College,100,https://www.greekrank.com/uni/606/fraternity/SAE-Sigma-Alpha-Epsilon/88/rating/,https://www.greekrank.com/uni/606/fraternity/SAE-Sigma-Alpha-Epsilon/88/rating/,https://www.greekrank.com/uni/606/fraternity/SAE-Sigma-Alpha-Epsilon/88/rating/
New Jersey Institute of Technology,New Jersey Institute of Technology,100,https://www.njit.edu/greeklife/njit-fraternities-sororities,https://www.njit.edu/greeklife/njit-fraternities-sororities,https://www.njit.edu/greeklife/njit-fraternities-sororities
Stockton University,Stockton University,100,https://stockton.edu/fraternity-sorority-life/chapters-councils/recognized-chapters.html,https://stockton.edu/fraternity-sorority-life/chapters-councils/recognized-chapters.html,https://stockton.edu/fraternity-sorority-life/chapters-councils/recognized-chapters.html
University of Wisconsin–La Crosse,University of Wisconsin-La Crosse,100,https://www.sae.net/chapter/wisconsin-lambda-chi/,https://www.sae.net/chapter/wisconsin-lambda-chi/,https://www.uwlax.edu/university-centers/orgs/fraternities-sororities/welcome/
University of Wisconsin–Stout,University of Wisconsin-Stout,100,https://connect.uwstout.edu/sae/,https://connect.uwstout.edu/sae/,https://www.uwstout.edu/life-stout/student-life/fraternity-and-sorority-life/fraternity-sorority-chapters
University of Texas at Dallas,The University of Texas at Dallas,94,http://www.texaschi.com/,http://www.texaschi.com/,https://www.sae.net/chapter/university-of-texas-at-dallas-texas-chi/
Gustavus Adolphus College,Gustavus Adolphus College,100,https://gustavus.edu/cao/greeklife/organizations.php,https://gustavus.edu/cao/greeklife/organizations.php,https://orgs.gustavus.edu/greeks/sigma-alpha-epsilon/Sigma_Alpha_Epsilon_-_Minnesota_Gamma/History.html
George Mason University,George Mason University,100,https://si.gmu.edu/fsl/,https://si.gmu.edu/fsl/,https://www.greekrank.com/uni/183/fraternity/SAE-Sigma-Alpha-Epsilon/88/rating/
Kutztown University,NO MATCH,83,,,
Midwestern State University,Midwestern State University,100,https://msutexas.edu/student-life/involvement/greek-life/,https://www.greekrank.com/uni/111/fraternity/SAE-Sigma-Alpha-Epsilon/88/rating/,https://www.greekrank.com/uni/111/fraternity/SAE-Sigma-Alpha-Epsilon/88/rating/
Indiana University–Indianapolis,Indiana University-Indianapolis,100,https://www.idsnews.com/article/2023/10/sigma-alpha-epsilon-placed-on-cease-and-desist-hazing,https://www.idsnews.com/article/2023/10/sigma-alpha-epsilon-placed-on-cease-and-desist-hazing,https://www.greekrank.com/uni/71/fraternity/SAE-Sigma-Alpha-Epsilon/88/rating/
Penn State Harrisburg,NO MATCH,58,,,
Georgetown University,Georgetown University,100,https://www.greekrank.com/uni/184/fraternity/SAE-Sigma-Alpha-Epsilon/88/rating/,https://www.greekrank.com/uni/184/fraternity/SAE-Sigma-Alpha-Epsilon/88/rating/,https://www.greekrank.com/uni/184/fraternity/SAE-Sigma-Alpha-Epsilon/88/rating/
Lynn University,Lynn University,100,https://www.lynn.edu/student-life/clubs-and-organizations/sigma-alpha-epsilon,https://www.lynn.edu/student-life/clubs-and-organizations/sigma-alpha-epsilon,https://my.lynn.edu/ICS/Campus_Life/Campus_Groups/Student_Involvement/Fraternity_and_Sorority_Life.jnz
Rutgers University,NO MATCH,86,,,
Rollins College,Rollins College,100,https://www.rollins.edu/student-life/student-organizations/fraternity-sorority-life/,https://www.rollins.edu/student-life/student-organizations/fraternity-sorority-life/,https://www.rollins.edu/student-life/student-organizations/fraternity-sorority-life/
Georgia Southern University,Georgia Southern University,100,https://www.greekrank.com/uni/96/fraternity/SAE-Sigma-Alpha-Epsilon/88/rating/,https://www.greekrank.com/uni/96/fraternity/SAE-Sigma-Alpha-Epsilon/88/rating/,https://www.greekrank.com/uni/96/fraternity/SAE-Sigma-Alpha-Epsilon/88/rating/
McGill University,NO MATCH,83,,,
Salem State University,Salem State University,100,https://www.sae.net/chapter/salem-state-university-massachusetts-tau-gamma/,https://www.sae.net/chapter/salem-state-university-massachusetts-tau-gamma/,https://www.sae.net/chapter/salem-state-university-massachusetts-tau-gamma/
Suffolk University,Suffolk University,100,https://www.suffolk.edu/student-life/student-involvement/fraternity-sorority-life/our-organizations,https://www.suffolk.edu/student-life/student-involvement/fraternity-sorority-life/our-organizations,https://www.greekrank.com/uni/430/fraternity/SAE-Sigma-Alpha-Epsilon/88/rating/
University of Alaska Anchorage,University of Alaska Anchorage,100,https://www.uaa.alaska.edu/students/organizations/fraternity-sorority-life.cshtml,https://www.uaa.alaska.edu/students/organizations/fraternity-sorority-life.cshtml,https://www.uaa.alaska.edu/students/organizations/fraternity-sorority-life.cshtml
Fort Hays State University,Fort Hays State University,100,https://www.fhsu.edu/engage/greek/chapter-info/fraternity-chapters,https://www.fhsu.edu/engage/greek/chapter-info/fraternity-chapters,https://www.fhsu.edu/engage/greek/chapter-info/fraternity-chapters
Appalachian State University,Appalachian State University,100,ERROR,,
Hofstra University,Hofstra University,100,https://www.hofstra.edu/fraternity-sorority/councils-chapters.html,https://www.hofstra.edu/fraternity-sorority/councils-chapters.html,https://www.hofstra.edu/fraternity-sorority/councils-chapters.html
Emerson College,Emerson College,100,https://emerson.edu/departments/seal/fraternity-sorority-life/fraternities-sororities,https://emerson.edu/departments/seal/fraternity-sorority-life/fraternities-sororities,https://emerson.edu/departments/seal/fraternity-sorority-life/fraternities-sororities
Saint Louis University,Saint Louis University,100,https://www.slu.edu/life-at-slu/student-involvement/greek-life/index.php,https://www.slu.edu/life-at-slu/student-involvement/greek-life/index.php,https://www.greekrank.com/uni/82/fraternity/SAE-Sigma-Alpha-Epsilon/88/rating/
West Chester University,NO MATCH,78,,,
University of Dayton,University of Dayton,100,https://www.greekrank.com/uni/39/fraternity/SAE-Sigma-Alpha-Epsilon/88/rating/,https://www.greekrank.com/uni/39/fraternity/SAE-Sigma-Alpha-Epsilon/88/rating/,https://www.greekrank.com/uni/39/fraternity/SAE-Sigma-Alpha-Epsilon/88/rating/
College of New Jersey,The College of New Jersey,91,https://studentlife.tcnj.edu/organization/sigma-alpha-epsilon/,https://studentlife.tcnj.edu/organization/sigma-alpha-epsilon/,https://www.greekrank.com/uni/452/fraternity/SAE-Sigma-Alpha-Epsilon/88/rating/
Mansfield University of Pennsylvania,NO MATCH,84,,,
University of Maryland,University of Mary,90,https://students.umw.edu/studentactivities/sae-guidelines/greek-life/,https://students.umw.edu/studentactivities/sae-guidelines/greek-life/,https://thecrimsonwhite.com/110725/top-stories/sae-fraternity-accused-of-hazing-in-recent-lawsuit/
University of Wisconsin–Stout,University of Wisconsin-Stout,100,https://connect.uwstout.edu/sae/,https://connect.uwstout.edu/sae/,https://www.uwstout.edu/life-stout/student-life/fraternity-and-sorority-life/fraternity-sorority-chapters
NJIT,NO MATCH,33,,,
UC Riverside,NO MATCH,64,,,
University of Utah,University of Utah,100,https://www.sae.net/chapter/university-of-utah-utah-phi/,https://www.sae.net/chapter/university-of-utah-utah-phi/,https://www.sae.net/chapter/university-of-utah-utah-phi/
University of Iowa,University of Iowa,100,https://fsl.uiowa.edu/chapters-and-councils/sigma-alpha-epsilon,https://fsl.uiowa.edu/chapters-and-councils/sigma-alpha-epsilon,https://www.press-citizen.com/story/news/local/2025/01/16/university-of-iowa-sigma-alpha-epsilon-fraternity-suspended-sae/77698314007/
"California State Polytechnic University, Pomona",California State Polytechnic University-Pomona,100,https://www.greekrank.com/uni/200/fraternity/SAE-Sigma-Alpha-Epsilon/88/rating/,https://www.greekrank.com/uni/200/fraternity/SAE-Sigma-Alpha-Epsilon/88/rating/,https://www.cpp.edu/blc/students/fsl.shtml
University of Tampa,The University of Tampa,90,https://www.saetampa.com/,https://www.saetampa.com/,https://www.saetampa.com/
Texas State University,Texas State University,100,https://fsl.dos.txst.edu/chapter-report-cards/interfraternity-council-chapters/sigma-alpha-epsilon.html,https://fsl.dos.txst.edu/chapter-report-cards/interfraternity-council-chapters/sigma-alpha-epsilon.html,https://fsl.dos.txst.edu/chapter-report-cards/interfraternity-council-chapters/sigma-alpha-epsilon.html
University of Mississippi Medical Center,NO MATCH,77,,,
Texas Wesleyan University,Texas Wesleyan University,100,https://txwes.edu/media/student-life/pdfs/Greek-Life-Guide-2019.pdf,https://www.greekrank.com/uni/636/fraternities/,https://www.greekrank.com/uni/636/fraternities/
University of Central Arkansas,University of Central Arkansas,100,https://uca.edu/gogreek/,https://uagreeks.uark.edu/interfraternity-council/sigma-alpha-epsilon.php,https://uagreeks.uark.edu/interfraternity-council/sigma-alpha-epsilon.php
University of Hawaii at Manoa,University of Hawaii at Manoa,100,https://www.greekrank.com/uni/339/fraternities/,https://www.greekrank.com/uni/339/fraternities/,https://www.greekrank.com/uni/339/fraternities/
University of West Georgia,University of West Georgia,100,https://www.westga.edu/campus-life/fsl/index.php,https://www.westga.edu/campus-life/fsl/index.php,https://www.greekrank.com/uni/86/fraternity/SAE-Sigma-Alpha-Epsilon/88/rating/
University of Massachusetts Amherst,University of Massachusetts-Amherst,100,https://www.umass.edu/greek/index.html,https://www.umass.edu/greek/index.html,https://www.umasspanhel.com/home
University of New Orleans,University of New Orleans,100,https://www.uno.edu/greek-life,https://en.wikipedia.org/wiki/List_of_Sigma_Alpha_Epsilon_chapters,https://en.wikipedia.org/wiki/List_of_Sigma_Alpha_Epsilon_chapters
University of Maine,University of Maine,100,https://www.mainebiz.biz/article/with-deal-to-buy-campus-house-umaine-closes-the-book-on-fraternity-chapter,https://www.mainebiz.biz/article/with-deal-to-buy-campus-house-umaine-closes-the-book-on-fraternity-chapter,https://www.mainebiz.biz/article/with-deal-to-buy-campus-house-umaine-closes-the-book-on-fraternity-chapter
University of Alabama at Birmingham,University of Alabama at Birmingham,100,https://ofsl.sa.ua.edu/chapters-list/fraternities/,https://ofsl.sa.ua.edu/chapters-list/fraternities/,https://ofsl.sa.ua.edu/chapters-list/fraternities/
University of Texas at El Paso,The University of Texas at El Paso,94,https://www.utep.edu/student-affairs/fraternity-and-sorority-life/,https://www.utep.edu/student-affairs/fraternity-and-sorority-life/,https://www.utep.edu/student-affairs/fraternity-and-sorority-life/
Morehead State University,Morehead State University,100,https://www.moreheadstate.edu/student-life/activities/fraternity-sorority-life/organizations,https://www.moreheadstate.edu/student-life/activities/fraternity-sorority-life/organizations,https://www.moreheadstate.edu/student-life/activities/fraternity-sorority-life/organizations
Tarleton State University,Tarleton State University,100,https://www.greekrank.com/uni/113/greek-life/,http://www.tarletonpanhellenic.com/delta-zeta.html,https://www.tarleton.edu/ses/campus-involvement/
Old Dominion University,Old Dominion University,100,https://www.odu.edu/student-engagement-traditions/fraternity-sorority,https://www.odu.edu/student-engagement-traditions/fraternity-sorority,https://www.odu.edu/student-engagement-traditions/fraternity-sorority
Texas A&M University–Corpus Christi,Texas A & M University-Corpus Christi,100,https://www.tamucc.edu/student-activities/fsl/index.php,https://www.tamucc.edu/student-activities/fsl/index.php,https://tamucc.campuslabs.com/engage/organization/fraternity-sorority-life/documents/view/985472
University of North Texas,University of North Texas,100,https://studentaffairs.unt.edu/cfsl/index.html,https://studentaffairs.unt.edu/cfsl/index.html,https://thedailytexan.com/2018/10/04/rogue-fraternity-formerly-ut-sae-continues-operations-after-suspension/
University of Texas Rio Grande Valley,The University of Texas Rio Grande Valley,95,https://www.utrgv.edu/csi/fraternity-and-sorority-life/index.htm,https://www.utrgv.edu/csi/fraternity-and-sorority-life/index.htm,https://www.utrgv.edu/csi/fraternity-and-sorority-life/index.htm
University of Arkansas at Little Rock,University of Arkansas at Little Rock,100,https://uagreeks.uark.edu/interfraternity-council/sigma-alpha-epsilon.php,https://uagreeks.uark.edu/interfraternity-council/sigma-alpha-epsilon.php,https://uagreeks.uark.edu/interfraternity-council/sigma-alpha-epsilon.php
Georgia College & State University,Georgia College & State University,100,https://wgxa.tv/news/local/georgia-college-dissolves-sigma-alpha-epsilon-chapter-after-hazing-investigation,https://wgxa.tv/news/local/georgia-college-dissolves-sigma-alpha-epsilon-chapter-after-hazing-investigation,https://www.gcsu.edu/deanofstudents/max-gruver-act-hazing-report
Georgia Southwestern State University,Georgia Southwestern State University,100,https://www.greekrank.com/uni/703/fraternities/,https://www.greekrank.com/uni/703/fraternities/,https://www.greekrank.com/uni/703/fraternities/
University of Montevallo,University of Montevallo,100,https://www.montevallo.edu/campus-life/student-life/greek-life/,https://www.montevallo.edu/campus-life/student-life/greek-life/,https://vallovisionnews.wordpress.com/2022/02/14/joining-a-greek-sorority-or-fraternity-at-the-university-of-montevallo/
University of Arkansas at Monticello,University of Arkansas at Monticello,100,https://uagreeks.uark.edu/interfraternity-council/sigma-alpha-epsilon.php,https://uagreeks.uark.edu/interfraternity-council/sigma-alpha-epsilon.php,https://uagreeks.uark.edu/interfraternity-council/sigma-alpha-epsilon.php
University of Arkansas–Fort Smith,University of Arkansas-Fort Smith,100,https://uagreeks.uark.edu/interfraternity-council/sigma-alpha-epsilon.php,https://uagreeks.uark.edu/interfraternity-council/sigma-alpha-epsilon.php,https://uagreeks.uark.edu/interfraternity-council/sigma-alpha-epsilon.php
Angelo State University,Angelo State University,100,https://www.angelo.edu/life-on-campus/lead/greek-life/fraternities/,https://www.angelo.edu/life-on-campus/lead/greek-life/fraternities/,https://www.greekrank.com/uni/629/fraternities/
University of Texas Permian Basin,The University of Texas Permian Basin,94,https://www.utpb.edu/life-at-utpb/student-life/fraternity-sorority-life,https://www.utpb.edu/life-at-utpb/student-life/fraternity-sorority-life,https://www.utpb.edu/life-at-utpb/student-life/fraternity-sorority-life
Texas A&M University–Kingsville,Texas A & M University-Kingsville,100,https://www.tamuk.edu/greeks/,https://www.tamuk.edu/greeks/,https://thebatt.com/news/fraternity-sued-1m-for-hazing-students-who-received-chemical-burns/
Texas A&M International University,Texas A & M International University,100,https://www.tamusae.com/,https://www.tamusae.com/,https://www.sae.net/chapter/texas-am-university-texas-tau/
